Domain,Company,Employees,Industry Groups,City,State,Country,ContaGen Contacts,Build Date,Run ID
frontendonly.com,,,,,,,0,2026-08-11,3415
cloudonex.com,,,,,,,0,2026-08-11,3415
licensechain.app,,,,,,,0,2026-08-11,3415
meshcloud.io,Meshcloud,11-50,"CLOUD_COMPUTING:0.87, SAAS:0.62",Frankfurt am Main,HE,DE,3,2026-08-11,3415
frontgate.app,,,,,,,0,2026-08-11,3415
r2ware.dev,,,,,,,0,2026-08-11,3415
sb-software.co.uk,,,,,,,0,2026-08-11,3415
workfloo.ws,,,,,,,0,2026-08-11,3415
asraaz.com,,,,,,,0,2026-08-11,3415
ve.ai,Ve,11-50,SAAS:0.98,Dover,TS,US,2,2026-08-11,3415
saloncloudsplus.com,,,,,,,0,2026-08-11,3415
stacks.site,,,,,,,0,2026-08-11,3415
eazy2build.com,,,,,,,0,2026-08-11,3415
erpstacks.com,,,,,,,0,2026-08-11,3415
lingering.io,,,,,,,0,2026-08-11,3415
portfoliostack.com,,,,,,,0,2026-08-11,3415
hubb.io,,,,,,,0,2026-08-11,3415
we0.ai,,,,,,,0,2026-08-11,3415
stadium.software,,,,,,,0,2026-08-11,3415
flowstep.com,FlowStep Tech Pty,1-10,SAAS:0.95,North Bondi,NSW,AU,1,2026-08-11,3415
jentis.com,Jentis,11-50,SAAS:0.98,"Wien, Meidling",9,AT,3,2026-08-11,3415
fabbuilder.com,,,,,,,0,2026-08-11,3415
vobesoft.com,VobeSoft,11-50,SAAS:0.97,Kleve,NB,DE,2,2026-08-11,3415
askdragonfly.com,Dragonfly,1-10,"BIG_DATA_AND_ANALYTICS:0.71, SAAS:0.96",Lugoj,TM,RO,3,2026-08-11,3415
1msg.io,,,,,,,0,2026-08-11,3415
mosanic.io,,,,,,,0,2026-08-11,3415
mustard.so,,,,,,,0,2026-08-11,3415
whitebox.digital,,,,,,,0,2026-08-11,3415
typedcms.com,,,,,,,0,2026-08-11,3415
planship.io,Planship,1-10,SAAS:1.0,Spokane,OR,US,2,2026-08-11,3415
ideamart.io,,,,,,,0,2026-08-11,3415
pinboard.ai,,,,,,,0,2026-08-11,3415
webhostflow.com,,,,,,,0,2026-08-11,3415
winningstrategy.ai,Winning Strategy,1-10,"BIG_DATA_AND_ANALYTICS:0.67, SAAS:0.93",Mumbai,MH,IN,1,2026-08-11,3415
smarttask.io,SmartTask,1-10,SAAS:0.98,,GJ,IN,1,2026-08-11,3415
replyhawk.com,,,,,,,0,2026-08-11,3415
subbly.dev,,,,,,,0,2026-08-11,3415
enon.com,,,,,,,0,2026-08-11,3415
ganixai.com,GanixAI,1-10,SAAS:0.93,Dover,HR,US,2,2026-08-11,3415
alpineventuresdemo.com,,,,,,,0,2026-08-11,3415
qfloo.com,,,,,,,0,2026-08-11,3415
testclix.com,,,,,,,0,2026-08-11,3415
automa.co.in,,,,,,,0,2026-08-11,3415
cohorthq.app,,,,,,,0,2026-08-11,3415
webcat.app,Webcat,1-10,SAAS:0.93,Chapinero 34 110231,,CO,1,2026-08-11,3415
connectycube.com,,,,,,,0,2026-08-11,3415
sitesdoneright.app,,,,,,,0,2026-08-11,3415
encore.dev,Encore,1-10,"CLOUD_COMPUTING:0.93, SAAS:0.57",Stockholm,AB,SE,3,2026-08-11,3415
913hq.com,,,,,,,0,2026-08-11,3415
thinger.io,Thinger,1-10,"SAAS:1.0, SOFTWARE:0.51",Las Rozas De Madrid,MD,ES,2,2026-08-11,3415
pollsapi.com,,,,,,,0,2026-08-11,3415
runcloud.io,,,,,,,0,2026-08-11,3415
d1v.ai,,,,,,,0,2026-08-11,3415
digitalbuilders.io,,,,,,,0,2026-08-11,3415
onestack.cloud,,,,,,,0,2026-08-11,3415
lifetimesoft.com,,,,,,,0,2026-08-11,3415
thepocketboss.com,,,,,,,0,2026-08-11,3415
talentappstore.com,,,,,,,0,2026-08-11,3415
kickplan.com,Kickplan,1-10,"SAAS:0.9, SOFTWARE:0.62",,CA,US,2,2026-08-11,3415
clackyai.com,,,,,,,0,2026-08-11,3415
filltherole.com,,,,,,,0,2026-08-11,3415
paype.co.in,PayPe Technologies,11-50,"FINANCIAL_SERVICES:0.79, SAAS:0.99",Coimbatore H.O,TN,IN,3,2026-08-11,3415
workhex.com,,,,,,,0,2026-08-11,3415
cloudprinttech.com,,,,,,,0,2026-08-11,3415
amplify.one,Amplify,11-50,SAAS:0.95,Amsterdam,NH,NL,2,2026-08-11,3415
paradisegaming.com,,,,,,,0,2026-08-11,3415
cloudsite.builders,,,,,,,0,2026-08-11,3415
attestr.com,Attestr,1-10,"FINANCIAL_SERVICES:0.92, SAAS:0.99",Cyberabad,TS,IN,1,2026-08-11,3415
geniuspro.io,,,,,,,0,2026-08-11,3415
devsec-champions.com,,,,,,,0,2026-08-11,3415
pro4all.com,,,,,,,0,2026-08-11,3415
gajetdaisuke.com,,,,,,,0,2026-08-11,3415
equitymatch.co,EquityMatch,11-50,SAAS:0.94,London,ENG,GB,1,2026-08-11,3415
suitabilityhub.com,,,,,,,0,2026-08-11,3415
boltstack.com,,,,,,,0,2026-08-11,3415
twidget.io,,,,,,,0,2026-08-11,3415
shoyo.work,,,,,,,0,2026-08-11,3415
formsite.com,,,,,,,0,2026-08-11,3415
cloudeefy.io,,,,,,,0,2026-08-11,3415
truebrain.ai,,,,,,,0,2026-08-11,3415
solve360.com,,,,,,,0,2026-08-11,3415
firstblox.com,,,,,,,0,2026-08-11,3415
controlata.com,,,,,,,0,2026-08-11,3415
corma.io,Corma,11-50,"CYBERSECURITY:0.92, SAAS:0.99",Paris,IDF,FR,3,2026-08-11,3415
propertykit.app,,,,,,,0,2026-08-11,3415
lislia.com,,,,,,,0,2026-08-11,3415
codepal.ai,,,,,,,0,2026-08-11,3415
uelzpay.com,,,,,,,0,2026-08-11,3415
orgzit.com,Orgzit,11-50,SAAS:0.99,Surajkund Faridabad,HR,IN,3,2026-08-11,3415
buildsuite.io,BuildSuite,1-10,"CONSTRUCTION:0.98, SAAS:0.94",Kozhikode,KL,IN,3,2026-08-11,3415
synthetiq.com,,,,,,,0,2026-08-11,3415
backboard.io,,,,,,,0,2026-08-11,3415
sellpass.co,,,,,,,0,2026-08-11,3415
saasframe.io,,,,,,,0,2026-08-11,3415
creditbook.pk,CreditBook,11-50,"FINANCIAL_SERVICES:0.98, SAAS:0.85",Karachi,ENG,PK,1,2026-08-11,3415
everypagehq.com,,,,,,,0,2026-08-11,3415
1morecall.com,,,,,,,0,2026-08-11,3415
spindl.dev,,,,,,,0,2026-08-11,3415
cmpsr.io,,,,,,,0,2026-08-11,3415
productlift.dev,,,,,,,0,2026-08-11,3415
hall-up.com,Hall up,1-10,"ENTERTAINMENT:0.55, SAAS:0.99",Never,AN,FR,2,2026-08-11,3415
kinde.com,Kinde,11-50,"CYBERSECURITY:0.66, SAAS:0.98",Sydney,NSW,AU,2,2026-08-11,3415
p2automate.com,,,,,,,0,2026-08-11,3415
company.page,,,,,,,0,2026-08-11,3415
uncovered.so,,,,,,,0,2026-08-11,3415
startium.com,,,,,,,0,2026-08-11,3415
continuity1.com,Continuity1,1-10,"HUMAN_RESOURCES:0.99, SAAS:0.93",Yerwada T.S.,CA,IN,1,2026-08-11,3415
qontext.ai,,,,,,,0,2026-08-11,3415
timefold.ai,Timefold,11-50,"SAAS:0.97, SUPPLY_CHAIN_AND_PROCUREMENT:0.79",Ghent,L,BE,3,2026-08-11,3415
devopsark.ai,,,,,,,0,2026-08-11,3415
yagan.cloud,,,,,,,0,2026-08-11,3415
attentions.ai,Attentions AI,11-50,"HEALTHCARE:0.62, SAAS:0.71, SOFTWARE:0.72",Dubai,MH,AE,2,2026-08-11,3415
vidguide.com,,,,,,,0,2026-08-11,3415
thingscloud.it,,,,,,,0,2026-08-11,3415
agentcommons.io,,,,,,,0,2026-08-11,3415
agiletelecom.com,Agile Telecom S.p.A.,11-50,"SAAS:0.91, TELECOMMUNICATIONS:0.86",Carpi,05,IT,2,2026-08-11,3415
desktend.com,,,,,,,0,2026-08-11,3415
safetychampion.com.au,Safety Champion Software,11-50,SAAS:0.99,Cremorne,VIC,AU,2,2026-08-11,3415
alphacore.app,,,,,,,0,2026-08-11,3415
securely.ai,Securely Holding BV,1-10,"CYBERSECURITY:0.99, SAAS:0.92",Eindhoven,NB,NL,1,2026-08-11,3415
betterproposals.io,,,,,,,0,2026-08-11,3415
screensandblindsapp.com,,,,,,,0,2026-08-11,3415
contentular.io,,,,,,,0,2026-08-11,3415
zunoy.com,Zunoy,1-10,"CYBERSECURITY:0.68, SAAS:0.99",JP Nagar VIII phase,KA,IN,1,2026-08-11,3415
krut.ai,,,,,,,0,2026-08-11,3415
infinitwizard.io,,,,,,,0,2026-08-11,3415
patchkit.net,PatchKit,11-50,"GAMING_AND_ESPORTS:0.88, SAAS:0.95",Wrocław,02,PL,3,2026-08-11,3415
nimvio.com,,,,,,,0,2026-08-11,3415
urtechcity.com,,,,,,,0,2026-08-11,3415
document360.com,,,,,,,0,2026-08-11,3415
tosend.com,,,,,,,0,2026-08-11,3415
pager.ai,,,,,,,0,2026-08-11,3415
fiscal.ai,Fiscal,11-50,"BIG_DATA_AND_ANALYTICS:0.83, FINANCIAL_SERVICES:0.7, SAAS:0.86",Logos,ON,NG,3,2026-08-11,3415
workinsync.io,,,,,,,0,2026-08-11,3415
finthesis.io,Finthesis,11-50,"ACCOUNTING:0.64, SAAS:0.98",Lyon,ARA,FR,2,2026-08-11,3415
profitaa.com,,,,,,,0,2026-08-11,3415
hubblerapp.com,,,,,,,0,2026-08-11,3415
heyvalue.com,,,,,,,0,2026-08-11,3415
toughcommerce.com,Tough Commerce,11-50,"CONSTRUCTION:0.99, SAAS:0.93",Toronto,ON,CA,3,2026-08-11,3415
burnedhosting.com,,,,,,,0,2026-08-11,3415
pyxcloud.io,,,,,,,0,2026-08-11,3415
hubits.io,,,,,,,0,2026-08-11,3415
kitesuite.com,KiteSuite,1-10,SAAS:0.99,Chandigarh Sector 56,,IN,1,2026-08-11,3415
bldrmate.com,,,,,,,0,2026-08-11,3415
licensespring.com,,,,,,,0,2026-08-11,3415
meteroid.com,Meteroid,1-10,SAAS:0.98,Lille,HDF,FR,2,2026-08-11,3415
babic.io,,,,,,,0,2026-08-11,3415
blocworx.com,Blocworx,1-10,SAAS:0.98,Limerick,CO. LIMERICK,IE,2,2026-08-11,3415
reachoutsuite.com,,,,,,,0,2026-08-11,3415
1ww.com,,,,,,,0,2026-08-11,3415
checkio.co.uk,,,,,,,0,2026-08-11,3415
sanchiapp.com,,,,,,,0,2026-08-11,3415
leadboosterpro.io,Lead Booster Pro,1-10,SAAS:0.94,Bayreuth,BY,DE,1,2026-08-11,3415
productroad.com,,,,,,,0,2026-08-11,3415
iprosuite.com,iPro Suite,1-10,"CONSTRUCTION:0.99, SAAS:0.92",,ENG,GB,1,2026-08-11,3415
startmybusiness.com,,,,,,,0,2026-08-11,3415
productfruits.com,Product Fruits,11-50,SAAS:0.98,Praha 5-Radlice,52,CZ,2,2026-08-11,3415
cloudbalance.in,,,,,,,0,2026-08-11,3415
buildd.in,Buildd,1-10,"FINANCIAL_SERVICES:0.94, SAAS:0.94",,19,US,1,2026-08-11,3415
imagine.bo,,,,,,,0,2026-08-11,3415
chatterkb.com,ChatterKB,1-10,SAAS:0.98,,NJ,US,1,2026-08-11,3415
interviewhr.com,Interview HR,11-50,"HUMAN_RESOURCES:0.97, SAAS:0.97",London,ENG,GB,2,2026-08-11,3415
icoms.com,,,,,,,0,2026-08-11,3415
webs-pro.com,,,,,,,0,2026-08-11,3415
smartmydata.com,SmartMyData,1-10,SAAS:0.96,Nantes,PDL,FR,1,2026-08-11,3415
apibanking.com,API Banking,11-50,"FINANCIAL_SERVICES:0.88, SAAS:0.79",,MH,US,2,2026-08-11,3415
fume.app,,,,,,,0,2026-08-11,3415
reviso.com,,,,,,,0,2026-08-11,3415
reportportal.io,,,,,,,0,2026-08-11,3415
smplify.com,,,,,,,0,2026-08-11,3415
affordableprintservices.com,,,,,,,0,2026-08-11,3415
designair.io,Designair,1-10,SAAS:0.8,Nürnberg,BY,DE,1,2026-08-11,3415
alpine.inc,Alpine,1-10,SAAS:0.99,,NY,US,1,2026-08-11,3415
mimic.fi,Mimic,11-50,"BLOCKCHAIN_AND_CRYPTOCURRENCY:0.98, SAAS:0.59",Solana,,FI,1,2026-08-11,3415
metavaro.com,,,,,,,0,2026-08-11,3415
objitec.com,Objitec,1-10,"SAAS:0.91, SOFTWARE:0.66",York,ENG,GB,2,2026-08-11,3415
hirelist.ai,HireList,11-50,"HUMAN_RESOURCES:0.99, SAAS:0.97",Newark,TN,US,2,2026-08-11,3415
axio-cms.com,,,,,,,0,2026-08-11,3415
gitscrum.com,GitScrum,1-10,SAAS:0.95,Lisbon,11,PT,1,2026-08-11,3415
asksolo.ai,,,,,,,0,2026-08-11,3415
basebranch.io,,,,,,,0,2026-08-11,3415
orgx.app,,,,,,,0,2026-08-11,3415
gorollout.com,,,,,,,0,2026-08-11,3415
wemob.io,,,,,,,0,2026-08-11,3415
openregister.de,OpenRegister,1-10,"BIG_DATA_AND_ANALYTICS:0.99, SAAS:0.89",Berlin,BE,DE,1,2026-08-11,3415
fluid.work,,,,,,,0,2026-08-11,3415
hyperhire.com,,,,,,,0,2026-08-11,3415
field39.com,,,,,,,0,2026-08-11,3415
biznisbox.com,,,,,,,0,2026-08-11,3415
speedrun.ci,,,,,,,0,2026-08-11,3415
inicontent.com,,,,,,,0,2026-08-11,3415
ayon.app,,,,,,,0,2026-08-11,3415
clickhome.com.au,ClickHome,11-50,"CONSTRUCTION:0.98, SAAS:0.94, SOFTWARE:0.86",Melbourne,WA,AU,2,2026-08-11,3415
8090.ai,8090 Solutions,11-50,"HEALTHCARE:0.71, SAAS:0.92",,ON,US,1,2026-08-11,3415
riskmanagementform.com,,,,,,,0,2026-08-11,3415
bimbox.ai,,,,,,,0,2026-08-11,3415
bluebanc.com,BlueBanc,11-50,"FINANCIAL_SERVICES:0.96, SAAS:0.83",Patriot,CA,AU,1,2026-08-11,3415
mydigilearn.id,myDigiLearn,11-50,"EDUCATION:0.67, HUMAN_RESOURCES:0.53, SAAS:0.95",Bojongloa,JB,"ID",1,2026-08-11,3415
fintasker.com,,,,,,,0,2026-08-11,3415
modulify.ai,,,,,,,0,2026-08-11,3415
aiplanet.com,,,,,,,0,2026-08-11,3415
startleftsecurity.com,,,,,,,0,2026-08-11,3415
productlane.com,Productlane,1-10,SAAS:0.98,München,BY,DE,3,2026-08-11,3415
clickmvp.com,,,,,,,0,2026-08-11,3415
jestor.com,Jestor,11-50,SAAS:0.99,Wilmington,CA,US,1,2026-08-11,3415
thoughtbump.com,Thoughtbump,1-10,SAAS:0.94,Aurora,CO,BR,1,2026-08-11,3415
openserv.ai,OpenServ,11-50,"SAAS:0.83, SOFTWARE:0.54",Runs,BE,CA,3,2026-08-11,3415
leverage4data.com,,,,,,,0,2026-08-11,3415
springcast.io,Springcast,11-50,SAAS:0.97,Amsterdam,NH,NL,2,2026-08-11,3415
survey-flow.com,,,,,,,0,2026-08-11,3415
subscribepro.com,Subscription Pro,11-50,SAAS:0.98,Baltimore,MD,US,1,2026-08-11,3415
scrapestack.com,,,,,,,0,2026-08-11,3415
salesunbox.com,,,,,,,0,2026-08-11,3415
connectedapps.com,,,,,,,0,2026-08-11,3415
makeitsaas.com,,,,,,,0,2026-08-11,3415
flippingkoin.com,,,,,,,0,2026-08-11,3415
notealy.com,,,,,,,0,2026-08-11,3415
appanzee.com,,,,,,,0,2026-08-11,3415
tipulitech.com,,,,,,,0,2026-08-11,3415
cyberbuddies.com,,,,,,,0,2026-08-11,3415
nordlayer.com,,,,,,,0,2026-08-11,3415
velory.com,Velory,11-50,SAAS:0.99,Stockholm,AB,SE,3,2026-08-11,3415
terracipher.com,TerraCipher Pty,1-10,SAAS:0.95,Brisbane,QLD,AU,1,2026-08-11,3415
project.co,,,,,,,0,2026-08-11,3415
productm8.io,,,,,,,0,2026-08-11,3415
marvelapp.com,,,,,,,0,2026-08-11,3415
calchat.app,,,,,,,0,2026-08-11,3415
getdaabo.com,,,,,,,0,2026-08-11,3415
aiotbapp.com,,,,,,,0,2026-08-11,3415
cloudemailverification.com,,,,,,,0,2026-08-11,3415
usebasin.com,,,,,,,0,2026-08-11,3415
glidenow.com,,,,,,,0,2026-08-11,3415
greenmormail.com,,,,,,,0,2026-08-11,3415
notionapps.com,,,,,,,0,2026-08-11,3415
hindustanvyapar.com,Hindustan Vyapar,1-10,"SAAS:0.99, SUPPLY_CHAIN_AND_PROCUREMENT:0.79",Noida H.O,DL,IN,1,2026-08-11,3415
idup.com,,,,,,,0,2026-08-11,3415
buildbuild.io,buildbuild Sàrl,1-10,"CONSTRUCTION:0.95, SAAS:0.97",Luxembourg,LU,LU,1,2026-08-11,3415
coachiq.io,CoachIQ,11-50,"SAAS:0.98, SPORTS_AND_RECREATION:0.95",Davis,CA,US,3,2026-08-11,3415
webapp.io,,,,,,,0,2026-08-11,3415
smartsignal.co,,,,,,,0,2026-08-11,3415
visualsitemaps.com,Visual Sitemaps,1-10,SAAS:0.99,New York,NY,US,1,2026-08-11,3415
aisle.sh,,,,,,,0,2026-08-11,3415
homesimp.ly,,,,,,,0,2026-08-11,3415
mrjobs.co,,,,,,,0,2026-08-11,3415
performalise.com,Performalise,1-10,"BIG_DATA_AND_ANALYTICS:0.51, SAAS:0.99",,ENG,GB,1,2026-08-11,3415
codetogether.com,CodeTogether,11-50,"BIG_DATA_AND_ANALYTICS:0.87, SAAS:0.97, SOFTWARE:0.6",,RS,BR,2,2026-08-11,3415
kanban.plus,,,,,,,0,2026-08-11,3415
qardapi.com,Qard API,1-10,"BIG_DATA_AND_ANALYTICS:0.73, FINANCIAL_SERVICES:0.84, SAAS:0.96",Paris,IDF,FR,3,2026-08-11,3415
recruspace.com,Recruspace,1-10,"HUMAN_RESOURCES:0.98, SAAS:0.99",Newark,DE,US,1,2026-08-11,3415
arekiv.com,,,,,,,0,2026-08-11,3415
appspotr.com,,,,,,,0,2026-08-11,3415
servicesmon.com,,,,,,,0,2026-08-11,3415
wrybe.com,,,,,,,0,2026-08-11,3415
jobmojito.com,,,,,,,0,2026-08-11,3415
adminmate.io,,,,,,,0,2026-08-11,3415
iconic.cx,,,,,,,0,2026-08-11,3415
mortemai.com,,,,,,,0,2026-08-11,3415
finto.io,,,,,,,0,2026-08-11,3415
openproject.org,OpenProject,11-50,"SAAS:0.84, SOFTWARE:0.99",Berlin,BE,DE,3,2026-08-11,3415
fieldmagic.co,Fieldmagic,1-10,SAAS:0.98,Belmont,TAS,AU,1,2026-08-11,3415
rows.com,Rows,11-50,"BIG_DATA_AND_ANALYTICS:0.88, SAAS:0.94",Berlin,BE,DE,2,2026-08-11,3415
repocloud.io,,,,,,,0,2026-08-11,3415
georanker.com,,,,,,,0,2026-08-11,3415
telemetrydeck.com,TelemetryDeck,1-10,"BIG_DATA_AND_ANALYTICS:0.89, SAAS:0.97",Berlin,BY,DE,1,2026-08-11,3415
homerunpresales.com,Homerun,1-10,SAAS:0.97,Martin,OR,SK,3,2026-08-11,3415
heresafe.com,Heresafe,11-50,SAAS:0.99,Barnsley,ENG,GB,3,2026-08-11,3415
claritel.ai,,,,,,,0,2026-08-11,3415
leadsrush.io,,,,,,,0,2026-08-11,3415
payflows.io,Payflows,11-50,"ACCOUNTING:0.69, SAAS:0.99",Paris,IDF,FR,3,2026-08-11,3415
totatech.com,,,,,,,0,2026-08-11,3415
manorfy.com,,,,,,,0,2026-08-11,3415
shareabiz.com,,,,,,,0,2026-08-11,3415
mostqi.com,,,,,,,0,2026-08-11,3415
teamflow.com,TeamFlow,1-10,SAAS:0.99,Atlanta,TX,US,2,2026-08-11,3415
fintech360.com,,,,,,,0,2026-08-11,3415
serverpilot.io,,,,,,,0,2026-08-11,3415
beamdin.com,,,,,,,0,2026-08-11,3415
fetchhive.com,Fetch Hive,1-10,SAAS:0.99,London,ENG,CA,1,2026-08-11,3415
companycomply.com,,,,,,,0,2026-08-11,3415
gbuilder.com,GBuilder,11-50,"CONSTRUCTION:0.72, REAL_ESTATE:0.96, SAAS:0.95",Helsinki,AB,FI,2,2026-08-11,3415
galini.tech,Galini Tech,1-10,SAAS:0.98,Vught,NB,NL,1,2026-08-11,3415
perse.io,Perse Technology,11-50,"SAAS:0.89, BIG_DATA_AND_ANALYTICS:0.76, REAL_ESTATE:0.63",London,ENG,GB,3,2026-08-11,3415
ezuptime.com,,,,,,,0,2026-08-11,3415
pipeline-solutions.co,Pipeline Solutions,1-10,"SAAS:0.96, SPORTS_AND_RECREATION:0.9",Toronto,VA,CA,3,2026-08-11,3415
myeship.co,,,,,,,0,2026-08-11,3415
callr.com,Callr,1-10,SAAS:0.96,Paris,NY,FR,2,2026-08-11,3415
buzooka.in,,,,,,,0,2026-08-11,3415
callswitchone.com,,,,,,,0,2026-08-11,3415
getnoan.com,NOAN,11-50,SAAS:0.99,Kingston,WA,JM,3,2026-08-11,3415
pdf-app.net,,,,,,,0,2026-08-11,3415
forklaunch.com,,,,,,,0,2026-08-11,3415
uptimeeagle.com,,,,,,,0,2026-08-11,3415
rubberduck.io,,,,,,,0,2026-08-11,3415
propertycampaign.net,,,,,,,0,2026-08-11,3415
payball.com,,,,,,,0,2026-08-11,3415
nestclo.com,,,,,,,0,2026-08-11,3415
chattrn.com,,,,,,,0,2026-08-11,3415
share-credentials.com,,,,,,,0,2026-08-11,3415
elev8marketinghub.com,,,,,,,0,2026-08-11,3415
qik.ai,,,,,,,0,2026-08-11,3415
cnetwork.eu,,,,,,,0,2026-08-11,3415
ragdollai.io,,,,,,,0,2026-08-11,3415
evidence.dev,Evidence Technologies,1-10,"BIG_DATA_AND_ANALYTICS:0.92, SAAS:0.97",Assurance,ON,IQ,1,2026-08-11,3415
ideaplan.io,,,,,,,0,2026-08-11,3415
throughlinecare.com,ThroughLine,11-50,"HEALTHCARE:0.51, SAAS:0.98",Auckland,AUK,NZ,3,2026-08-11,3415
asterlio.com,,,,,,,0,2026-08-11,3415
rankactive.com,,,,,,,0,2026-08-11,3415
smb-portal.com,,,,,,,0,2026-08-11,3415
plaidnox.com,,,,,,,0,2026-08-11,3415
mybusinesspal.com,,,,,,,0,2026-08-11,3415
pantherpulse.ai,PantherPulse Pte.,1-10,SAAS:0.95,Singapore,,SG,2,2026-08-11,3415
verkapp.com,,,,,,,0,2026-08-11,3415
engageiqglobal.com,,,,,,,0,2026-08-11,3415
docotto.com,,,,,,,0,2026-08-11,3415
scrivito.com,,,,,,,0,2026-08-11,3415
paytalya.com,,,,,,,0,2026-08-11,3415
ledgerbee.com,,,,,,,0,2026-08-11,3415
cadrooms.com,,,,,,,0,2026-08-11,3415
clickflux.io,,,,,,,0,2026-08-11,3415
nativelyai.com,NativelyAI,11-50,"CLOUD_COMPUTING:0.99, SAAS:0.53",Gaia,AZ,SA,3,2026-08-11,3415
flowtrack.co,,,,,,,0,2026-08-11,3415
wlodev.com,,,,,,,0,2026-08-11,3415
ysuiteapp.com,,,,,,,0,2026-08-11,3415
agenta.dev,,,,,,,0,2026-08-11,3415
opsapp.co,,,,,,,0,2026-08-11,3415
bubblegroup.com,Bubble PPM,11-50,SAAS:0.99,Hoxton,ENG,GB,3,2026-08-11,3415
inboxagents.ai,,,,,,,0,2026-08-11,3415
tomorrowthings.com,Tomorrow Things,11-50,"MANUFACTURING:0.98, SAAS:0.98",Bonn,NW,DE,1,2026-08-11,3415
linkup.so,Linkup,11-50,"BIG_DATA_AND_ANALYTICS:0.58, SAAS:0.81, SOFTWARE:0.8",Fleet,NAQ,GB,2,2026-08-11,3415
testandtagapp.com,,,,,,,0,2026-08-11,3415
closetcrm.com,,,,,,,0,2026-08-11,3415
thecognitivefactory.com,,,,,,,0,2026-08-11,3415
traqez.com,,,,,,,0,2026-08-11,3415
changeplan.co,ChangePlan,1-10,"HUMAN_RESOURCES:0.76, SAAS:0.18",Bellevue Hill,CA,AU,3,2026-08-11,3415
linkeer.io,,,,,,,0,2026-08-11,3415
featurebase.app,,,,,,,0,2026-08-11,3415
hash8.io,,,,,,,0,2026-08-11,3415
mystrengthbook.com,MyStrengthBook,1-10,"SAAS:0.97, SPORTS_AND_RECREATION:0.85",Calgary,AB,CA,2,2026-08-11,3415
everafter.ai,,,,,,,0,2026-08-11,3415
fireprotectionapp.com,,,,,,,0,2026-08-11,3415
logilica.com,Logilica,1-10,"BIG_DATA_AND_ANALYTICS:0.89, SAAS:0.99",Dawes Point,NSW,AU,1,2026-08-11,3415
onassemble.com,,,,,,,0,2026-08-11,3415
cebos.io,,,,,,,0,2026-08-11,3415
smokealarmsapp.com,,,,,,,0,2026-08-11,3415
stackguardian.io,StackGuardian,11-50,"CLOUD_COMPUTING:0.77, SAAS:0.97",Mechelen,ENG,BE,2,2026-08-11,3415
charliehr.com,Charlie OS,11-50,"HUMAN_RESOURCES:0.98, SAAS:0.98",London,ENG,GB,3,2026-08-11,3415
devguard.ch,,,,,,,0,2026-08-11,3415
validatorhq.com,,,,,,,0,2026-08-11,3415
typlog.com,,,,,,,0,2026-08-11,3415
ipresenttoyou.com,,,,,,,0,2026-08-11,3415
centrldesk.com,Centrldesk,1-10,SAAS:0.99,Ottobrunn,BY,DE,1,2026-08-11,3415
shyftbase.com,Shyftbase,1-10,"SAAS:0.96, SUPPLY_CHAIN_AND_PROCUREMENT:0.97",Calgary,ON,CA,1,2026-08-11,3415
forloop.ai,Loop Technologies AB,11-50,"BIG_DATA_AND_ANALYTICS:0.86, SAAS:0.83, SOFTWARE:0.68",Technologies,CA,CA,2,2026-08-11,3415
lnk.vin,,,,,,,0,2026-08-11,3415
subhq.ai,,,,,,,0,2026-08-11,3415
architag.com.au,Architag,1-10,SAAS:0.94,Sydney,NSW,AU,2,2026-08-11,3415
tydal.app,,,,,,,0,2026-08-11,3415
reinit.in,,,,,,,0,2026-08-11,3415
heim.dev,,,,,,,0,2026-08-11,3415
surge.eu,Surge srl,11-50,"FASHION_TEXTILE_AND_APPAREL:0.89, SAAS:0.98, SUPPLY_CHAIN_AND_PROCUREMENT:0.7",Bologna,45,IT,1,2026-08-11,3415
getbraincloud.com,,,,,,,0,2026-08-11,3415
thewise.house,,,,,,,0,2026-08-11,3415
bizcompass.in,Bizcompass,11-50,"HUMAN_RESOURCES:0.9, SAAS:0.96",Vasta Devdi Road,GJ,IN,1,2026-08-11,3415
buildezi.com,,,,,,,0,2026-08-11,3415
playbookdocs.com,,,,,,,0,2026-08-11,3415
static.run,,,,,,,0,2026-08-11,3415
overseeks.com,,,,,,,0,2026-08-11,3415
getanchor.ai,Anchor,11-50,SAAS:0.99,,ON,CA,3,2026-08-11,3415
scaledynamics.com,,,,,,,0,2026-08-11,3415
urllo.com,Urllo,1-10,SAAS:1.0,Calgary,AB,CA,3,2026-08-11,3415
pilot.io,,,,,,,0,2026-08-11,3415
firstsitebuilder.com,,,,,,,0,2026-08-11,3415
learnamp.com,Learn Amp,11-50,"HUMAN_RESOURCES:0.92, SAAS:0.94",Weybridge,ENG,GB,3,2026-08-11,3415
onsite.fm,,,,,,,0,2026-08-11,3415
teamworkvision.com,,,,,,,0,2026-08-11,3415
radiant1.co,,,,,,,0,2026-08-11,3415
zeda.io,Zeda,1-10,SAAS:0.95,More,,AT,1,2026-08-11,3415
roboten.com,,,,,,,0,2026-08-11,3415
mastt.com,Mastt,11-50,"CONSTRUCTION:0.98, SAAS:0.93",Surry Hills,NSW,AU,3,2026-08-11,3415
opusflow.io,OpusFlow,11-50,"RENEWABLE_ENERGY:0.95, SAAS:0.94",Deventer,BE,NL,3,2026-08-11,3415
enterprise-architecture.org,,,,,,,0,2026-08-11,3415
recordtime.com.au,,,,,,,0,2026-08-11,3415
getworkvue.com,,,,,,,0,2026-08-11,3415
zenpli.com,Zenpli,1-10,"FINANCIAL_SERVICES:0.93, SAAS:0.98",Panama,,MX,1,2026-08-11,3415
consistentlyclose.com,,,,,,,0,2026-08-11,3415
gethealthy.page,,,,,,,0,2026-08-11,3415
askfill.com,Fill Technology AB,11-50,"HUMAN_RESOURCES:0.86, SAAS:0.96",Stockholm,AB,SE,1,2026-08-11,3415
reviewengine.io,,,,,,,0,2026-08-11,3415
ohdear.app,Oh Dear,1-10,SAAS:0.99,Berlaar,ZH,BE,1,2026-08-11,3415
sms.to,,,,,,,0,2026-08-11,3415
workiom.com,Workiom,11-50,SAAS:0.96,Newark,MD,US,1,2026-08-11,3415
onlinewebinar.com,OnlineWebinar,1-10,SAAS:0.98,Made,NH,NL,1,2026-08-11,3415
zamdit.com,,,,,,,0,2026-08-11,3415
uptimedock.com,,,,,,,0,2026-08-11,3415
techamolabs.com,,,,,,,0,2026-08-11,3415
isvworld.com,,,,,,,0,2026-08-11,3415
lanfinance.ai,,,,,,,0,2026-08-11,3415
savagesales.com,Savage Sales,1-10,SAAS:0.99,Kingman,AZ,US,2,2026-08-11,3415
curatedml.com,,,,,,,0,2026-08-11,3415
ownchat.app,,,,,,,0,2026-08-11,3415
supatool.io,,,,,,,0,2026-08-11,3415
constructioncrm.com,ConstructionCRM,1-10,"CONSTRUCTION:0.98, SAAS:0.52",Bloxham,ENG,GB,1,2026-08-11,3415
shiftcontrol.io,ShiftControl,1-10,"CYBERSECURITY:0.56, SAAS:0.98",Robinson Road,,SG,1,2026-08-11,3415
stepsize.com,,,,,,,0,2026-08-11,3415
airachat.com,,,,,,,0,2026-08-11,3415
megafarad.com,,,,,,,0,2026-08-11,3415
qucoxx.com,Qucoxx,1-10,SAAS:0.95,Tiefgraben,4,AT,3,2026-08-11,3415
drophello.com,,,,,,,0,2026-08-11,3415
dview.io,Dview,11-50,"BIG_DATA_AND_ANALYTICS:0.87, FINANCIAL_SERVICES:0.59, SAAS:0.93",San Francisco,CA,US,3,2026-08-11,3415
tight.com,Tight,11-50,"ACCOUNTING:0.77, SAAS:0.97",Menlo Park,DC,US,3,2026-08-11,3415
atmail.com,Atmail,11-50,SAAS:0.98,Brisbane,CA,AU,3,2026-08-11,3415
soji.ai,Soji AI,11-50,"DEFENSE_AND_AEROSPACE:0.91, SAAS:0.95",Hamburg,HH,DE,1,2026-08-11,3415
website.glass,,,,,,,0,2026-08-11,3415
sortlight.com,,,,,,,0,2026-08-11,3415
trafficcontrolapp.com,,,,,,,0,2026-08-11,3415
websitechat.in,,,,,,,0,2026-08-11,3415
evecosystem.com,,,,,,,0,2026-08-11,3415
vouchfor.com,Vouch,11-50,"HUMAN_RESOURCES:0.96, SAAS:0.98",Sydney,NSW,AU,3,2026-08-11,3415
mergebase.com,,,,,,,0,2026-08-11,3415
thehiringpartner.com,,,,,,,0,2026-08-11,3415
saas-certain.com,,,,,,,0,2026-08-11,3415
ezelogs.com,Ezelogs,11-50,"CONSTRUCTION:0.98, SAAS:0.88",Plainview,NY,US,1,2026-08-11,3415
insurancecrm.com,,,,,,,0,2026-08-11,3415
cangoapp.ca,,,,,,,0,2026-08-11,3415
paurtal.com,,,,,,,0,2026-08-11,3415
mopinion.com,Mopinion,11-50,"BIG_DATA_AND_ANALYTICS:0.81, SAAS:0.97",Rotterdam,NH,NL,3,2026-08-11,3415
codehooks.io,Codehooks,1-10,SAAS:0.97,,,NO,2,2026-08-11,3415
okappy.com,Okappy,1-10,"SAAS:0.72, CONSTRUCTION:0.15",Amersham,ENG,GB,2,2026-08-11,3415
qatchup.com,,,,,,,0,2026-08-11,3415
sociolinq.com,,,,,,,0,2026-08-11,3415
officetrack.com,,,,,,,0,2026-08-11,3415
bluetweak.com,,,,,,,0,2026-08-11,3415
handbid.com,Handbid,11-50,SAAS:0.97,Centennial,CO,US,2,2026-08-11,3415
xpath.global,Xpath,11-50,"HUMAN_RESOURCES:0.98, SAAS:0.82",Berlin,BE,DE,1,2026-08-11,3415
computertechniciansapp.com,,,,,,,0,2026-08-11,3415
memberpages.app,,,,,,,0,2026-08-11,3415
uplup.com,,,,,,,0,2026-08-11,3415
waywedo.com,Way We Do,1-10,SAAS:1.0,Cleveland,QLD,AU,3,2026-08-11,3415
getoutline.com,Outline,1-10,"SAAS:0.96, SOFTWARE:0.99",San Francisco,NY,US,1,2026-08-11,3415
pagesoft.app,,,,,,,0,2026-08-11,3415
contractcorridor.com,Contract Corridor,11-50,"LEGAL:0.95, SAAS:0.99",Johannesburg,GP,ZA,1,2026-08-11,3415
deployit.ai,,,,,,,0,2026-08-11,3415
stormboard.com,Stormboard,11-50,SAAS:0.97,Edmonton,AB,CA,1,2026-08-11,3415
zappyhire.com,Zappy Hire,11-50,"HUMAN_RESOURCES:0.97, SAAS:0.96",Dombivali,16,IN,3,2026-08-11,3415
usertour.io,,,,,,,0,2026-08-11,3415
ycloud.com,YCloud,11-50,SAAS:0.97,Temasek Boulevard,,SG,3,2026-08-11,3415
flowmeets.com,Flowmeets AB,1-10,SAAS:0.97,Stockholm,AB,SE,3,2026-08-11,3415
web3forms.com,,,,,,,0,2026-08-11,3415
pandas-ai.com,PandasAI,1-10,"BIG_DATA_AND_ANALYTICS:0.94, SAAS:0.89, SOFTWARE:0.86",,BY,US,1,2026-08-11,3415
assurestor.com,Assurestor,1-10,"CYBERSECURITY:0.92, SAAS:0.76",Human,ENG,UA,2,2026-08-11,3415
ounie.com,,,,,,,0,2026-08-11,3415
prodoctivity.com,,,,,,,0,2026-08-11,3415
domaindumper.com,,,,,,,0,2026-08-11,3415
perfectlyimperfectdigital.software,,,,,,,0,2026-08-11,3415
bokapsys.com,,,,,,,0,2026-08-11,3415
happyending.ai,,,,,,,0,2026-08-11,3415
upperinc.com,,,,,,,0,2026-08-11,3415
annualreports.ai,,,,,,,0,2026-08-11,3415
thehubly.com,,,,,,,0,2026-08-11,3415
get1point6.com,,,,,,,0,2026-08-11,3415
erponline.vn,,,,,,,0,2026-08-11,3415
onetimesecret.com,,,,,,,0,2026-08-11,3415
reviewlyze.in,,,,,,,0,2026-08-11,3415
usewidgets.com,,,,,,,0,2026-08-11,3415
alpacasys.com,,,,,,,0,2026-08-11,3415
evolvedev.io,EvolveDev,1-10,SAAS:0.99,Madivala,KA,IN,1,2026-08-11,3415
attarius.com,,,,,,,0,2026-08-11,3415
animustech.com,Animus Technology,1-10,"BIG_DATA_AND_ANALYTICS:0.91, SAAS:0.95",Aberdeen,ENG,GB,1,2026-08-11,3415
datumforms.com,,,,,,,0,2026-08-11,3415
beamly.com,,,,,,,0,2026-08-11,3415
skapp.com,,,,,,,0,2026-08-11,3415
paperlesspod.com,,,,,,,0,2026-08-11,3415
condens.io,Condens,11-50,"BIG_DATA_AND_ANALYTICS:0.71, SAAS:0.98",München,BY,DE,3,2026-08-11,3415
gitinsights.io,,,,,,,0,2026-08-11,3415
tabriel.com,,,,,,,0,2026-08-11,3415
berkmansolutions.com,Lextree from Berkman Solutions,1-10,"SOFTWARE:0.46, SAAS:0.4",Beaverton,OR,US,2,2026-08-11,3415
nabstract.io,,,,,,,0,2026-08-11,3415
miradorgateway.com,,,,,,,0,2026-08-11,3415
devguard.org,,,,,,,0,2026-08-11,3415
sharonogier.com,,,,,,,0,2026-08-11,3415
servefirst.co.uk,Serve First,11-50,SAAS:0.94,London,ENG,GB,3,2026-08-11,3415
fill.work,,,,,,,0,2026-08-11,3415
askui.com,AskUI,11-50,"SAAS:0.88, SOFTWARE:0.92",Wilmington,BW,US,2,2026-08-11,3415
3os.co,,,,,,,0,2026-08-11,3415
shrivra.com,Shrivra,11-50,"RESTAURANTS:0.78, SAAS:0.98",Seattle,WA,US,3,2026-08-11,3415
clikr.io,,,,,,,0,2026-08-11,3415
erpone.in,,,,,,,0,2026-08-11,3415
bootstrapsite.com,,,,,,,0,2026-08-11,3415
flowla.com,Flowla,1-10,SAAS:0.96,London,ENG,GB,2,2026-08-11,3415
pivotsoftware.com,,,,,,,0,2026-08-11,3415
tsuga.com,Tsuga,11-50,SAAS:0.97,Neuilly-sur-Seine,IDF,FR,3,2026-08-11,3415
oneboard.io.vn,,,,,,,0,2026-08-11,3415
smshorn.com,,,,,,,0,2026-08-11,3415
lodgestory.com,,,,,,,0,2026-08-11,3415
earlycaves.com,,,,,,,0,2026-08-11,3415
whaly.io,Whaly,11-50,"BIG_DATA_AND_ANALYTICS:0.8, SAAS:0.95",Serena,IDF,CL,2,2026-08-11,3415
hancock.ink,,,,,,,0,2026-08-11,3415
styly.io,,,,,,,0,2026-08-11,3415
serv.ly,,,,,,,0,2026-08-11,3415
ellastic.io,,,,,,,0,2026-08-11,3415
cintram.com,Cintram,1-10,SAAS:0.95,Coppell,TX,US,1,2026-08-11,3415
datasail.co,,,,,,,0,2026-08-11,3415
investsuite.com,InvestSuite,11-50,"FINANCIAL_SERVICES:0.92, SAAS:0.95",Leuven,62,BE,3,2026-08-11,3415
biela.dev,Biela,11-50,SAAS:0.97,Basic,NV,US,1,2026-08-11,3415
workchats.com,,,,,,,0,2026-08-11,3415
exchangemail.com,,,,,,,0,2026-08-11,3415
projectfusion.com,,,,,,,0,2026-08-11,3415
zentrumhub.com,ZentrumHub,11-50,"SAAS:0.96, TRAVEL:0.92",Viman nagar,,IN,3,2026-08-11,3415
invitepeople.com,InvitePeople,11-50,SAAS:0.99,Berlin,AB,DE,3,2026-08-11,3415
automations.io,Automations,1-10,"FINANCIAL_SERVICES:0.77, SAAS:0.99",Manchester,ENG,GB,2,2026-08-11,3415
approvemyfunding.com,,,,,,,0,2026-08-11,3415
typeflo.io,Typeflo,1-10,SAAS:0.99,Madivala,KA,IN,1,2026-08-11,3415
mammoth.io,Mammoth Analytics,11-50,"BIG_DATA_AND_ANALYTICS:0.82, SAAS:0.92",Lucan,KA,IE,3,2026-08-11,3415
athenaintel.com,,,,,,,0,2026-08-11,3415
mailchannels.com,MailChannels,11-50,"CYBERSECURITY:0.89, SAAS:0.98",Vancouver,BC,CA,2,2026-08-11,3415
draftsman.io,,,,,,,0,2026-08-11,3415
deistech.co.za,,,,,,,0,2026-08-11,3415
adaptivebizapp.com,,,,,,,0,2026-08-11,3415
tendify.eu,,,,,,,0,2026-08-11,3415
connective.network,,,,,,,0,2026-08-11,3415
novbe.az,,,,,,,0,2026-08-11,3415
eventhex.ai,,,,,,,0,2026-08-11,3415
storespine.com,,,,,,,0,2026-08-11,3415
pivot-crm.com,,,,,,,0,2026-08-11,3415
deeplit.ai,,,,,,,0,2026-08-11,3415
apis.io,,,,,,,0,2026-08-11,3415
theprepared.life,,,,,,,0,2026-08-11,3415
quickreach.co,,,,,,,0,2026-08-11,3415
eftlab.com,EFTlab,11-50,"FINANCIAL_SERVICES:0.9, SAAS:0.98",Sandgate,QLD,AU,3,2026-08-11,3415
keyp.com,,,,,,,0,2026-08-11,3415
livestep.ai,,,,,,,0,2026-08-11,3415
tabatalk.com,,,,,,,0,2026-08-11,3415
printerbridge.com,,,,,,,0,2026-08-11,3415
eurostepdigital.com,,,,,,,0,2026-08-11,3415
streavent.de,Streavent,1-10,SAAS:0.99,Weil,BY,DE,2,2026-08-11,3415
morph.ai,,,,,,,0,2026-08-11,3415
businessbosses.co.uk,Business Bosses,11-50,SAAS:0.91,Refers,NH,GB,1,2026-08-11,3415
pledigo.com,,,,,,,0,2026-08-11,3415
foundersmate.ai,,,,,,,0,2026-08-11,3415
oneblink.io,OneBlink,11-50,"GOVERNMENT_SERVICES:0.94, SAAS:0.99",Springfield,MO,AU,3,2026-08-11,3415
qbdynamics.com,,,,,,,0,2026-08-11,3415
speedcurve.com,SpeedCurve,1-10,SAAS:0.98,Huia,CA,NZ,2,2026-08-11,3415
worxsquad.com,,,,,,,0,2026-08-11,3415
productflo.io,ProductFlo,1-10,"SAAS:0.75, SOFTWARE:0.83",Goes,ZE,NL,1,2026-08-11,3415
skipbinsapp.com,,,,,,,0,2026-08-11,3415
surlex.co.nz,,,,,,,0,2026-08-11,3415
teamfluence.com,Teamfluence,11-50,"BIG_DATA_AND_ANALYTICS:0.59, SAAS:0.96",Kesklinna,CA,EE,1,2026-08-11,3415
tracebloc.io,,,,,,,0,2026-08-11,3415
nodescript.dev,,,,,,,0,2026-08-11,3415
assess.one,,,,,,,0,2026-08-11,3415
vectrify.ai,,,,,,,0,2026-08-11,3415
mail-and-deploy.com,,,,,,,0,2026-08-11,3415
opnform.com,,,,,,,0,2026-08-11,3415
wecomply.co.za,,,,,,,0,2026-08-11,3415
justforwork.com,,,,,,,0,2026-08-11,3415
getparlo.io,,,,,,,0,2026-08-11,3415
mum-saas.de,,,,,,,0,2026-08-11,3415
tangible.finance,Tangible,11-50,"FINANCIAL_SERVICES:0.92, SAAS:0.81",London,ENG,GB,3,2026-08-11,3415
yayforms.com,Yay! Forms,1-10,SAAS:1.0,Sheridan,FL,US,2,2026-08-11,3415
cove.dev,Cove,1-10,"FINANCIAL_SERVICES:0.64, REAL_ESTATE:0.8, SAAS:0.9",,ON,US,1,2026-08-11,3415
bimworkplace.com,,,,,,,0,2026-08-11,3415
mychurch.media,,,,,,,0,2026-08-11,3415
salesloop.io,,,,,,,0,2026-08-11,3415
nextdot.net,,,,,,,0,2026-08-11,3415
np-next.com,,,,,,,0,2026-08-11,3415
reducecloudcosts.com,,,,,,,0,2026-08-11,3415
bcmmetrics.com,,,,,,,0,2026-08-11,3415
hireport.io,,,,,,,0,2026-08-11,3415
prospecter.io,,,,,,,0,2026-08-11,3415
tapeapp.com,Tape Technologies,1-10,SAAS:0.99,München,BY,DE,1,2026-08-11,3415
kaiten.sh,,,,,,,0,2026-08-11,3415
oauth.io,,,,,,,0,2026-08-11,3415
zaip.one,,,,,,,0,2026-08-11,3415
bundlelab.co,,,,,,,0,2026-08-11,3415
r2rcare.co.uk,,,,,,,0,2026-08-11,3415
gowizi.com,,,,,,,0,2026-08-11,3415
getbind.io,,,,,,,0,2026-08-11,3415
ellty.com,,,,,,,0,2026-08-11,3415
wappalyzer.com,Wappalyzer,1-10,SAAS:0.92,Logos,VIC,NG,1,2026-08-11,3415
astroid.cloud,,,,,,,0,2026-08-11,3415
headwayapp.co,,,,,,,0,2026-08-11,3415
confinedspacesapp.com,,,,,,,0,2026-08-11,3415
managerfashion.com,,,,,,,0,2026-08-11,3415
reply.cx,,,,,,,0,2026-08-11,3415
axsfs.com,,,,,,,0,2026-08-11,3415
myhours.com,,,,,,,0,2026-08-11,3415
1stopinstall.com,1Stop Install,1-10,"CONSTRUCTION:0.94, SAAS:0.93",Miami,MO,US,1,2026-08-11,3415
faqhub.io,,,,,,,0,2026-08-11,3415
captivated.works,Captivated,11-50,SAAS:0.99,Indianapolis,IN,US,1,2026-08-11,3415
daasportal.app,DaaS Portal,1-10,"SAAS:0.58, SUPPLY_CHAIN_AND_PROCUREMENT:0.77",Eastleigh,ENG,GB,1,2026-08-11,3415
jumper.com,Jumper Software,1-10,"SAAS:0.98, SUPPLY_CHAIN_AND_PROCUREMENT:0.82",New York,NY,US,1,2026-08-11,3415
digably.io,,,,,,,0,2026-08-11,3415
ranbiolinks.com,RAN BioLinks Canada,1-10,"SAAS:0.96, SOFTWARE:0.73, PHARMACEUTICALS:0.54",Toronto,ON,CA,2,2026-08-11,3415
campgroundbuddy.com,,,,,,,0,2026-08-11,3415
maxed.life,Maxed Life,1-10,"ACCOUNTING:0.96, SAAS:0.97",Sacramento,ENG,US,1,2026-08-11,3415
factorcloud.com,FactorCloud,1-10,"FINANCIAL_SERVICES:0.97, SAAS:0.98",Atlanta,GA,US,2,2026-08-11,3415
videocx.io,VideoCX,11-50,"FINANCIAL_SERVICES:0.91, SAAS:0.99, SOFTWARE:0.67",Pune,MH,IN,3,2026-08-11,3415
usedotted.com,Dotted,1-10,"CLOUD_COMPUTING:0.77, SAAS:0.75",São Paulo,SP,BR,1,2026-08-11,3415
beesbusy.com,,,,,,,0,2026-08-11,3415
emitknowledge.com,Emit Knowledge,11-50,"HEALTHCARE:0.95, SAAS:0.83, SOFTWARE:0.82",Skopje,,MK,1,2026-08-11,3415
ordercloud.io,,,,,,,0,2026-08-11,3415
complycube.com,ComplyCube,11-50,"FINANCIAL_SERVICES:0.93, SAAS:0.99",London,ENG,GB,3,2026-08-11,3415
scalelist.com,Scalelist,1-10,"BIG_DATA_AND_ANALYTICS:0.97, SAAS:0.95",Api,,BR,2,2026-08-11,3415
antekirt.com,,,,,,,0,2026-08-11,3415
saleoid.com,,,,,,,0,2026-08-11,3415
entityhub.io,,,,,,,0,2026-08-11,3415
bugbug.io,BugBug,11-50,SAAS:0.99,Tarnowskie Góry,30,PL,1,2026-08-11,3415
hypervisor.io,,,,,,,0,2026-08-11,3415
rqawards.com,,,,,,,0,2026-08-11,3415
roycgroup.com,ROYC,11-50,"FINANCIAL_SERVICES:0.8, SAAS:0.95",Paris,ENG,FR,3,2026-08-11,3415
viewcomfy.com,ViewComfy,1-10,SAAS:0.98,,ENG,GB,2,2026-08-11,3415
refacto.ai,,,,,,,0,2026-08-11,3415
jobspage.dev,,,,,,,0,2026-08-11,3415
backlink.watch,,,,,,,0,2026-08-11,3415
rebill.com,,,,,,,0,2026-08-11,3415
enteract.app,,,,,,,0,2026-08-11,3415
parvenu.io,,,,,,,0,2026-08-11,3415
clientbase.pro,ClientBase Pte.,1-10,"LEGAL:0.82, SAAS:0.95",Circular Road,40,SG,1,2026-08-11,3415
easysupply.ai,,,,,,,0,2026-08-11,3415
ngncorp.com,,,,,,,0,2026-08-11,3415
stonerise.tech,StoneRise Technology,1-10,"CONSTRUCTION:0.99, SAAS:0.92",London,ENG,GB,1,2026-08-11,3415
usetoday.io,Today,1-10,"FINANCIAL_SERVICES:0.88, SAAS:0.96",København K,BE,DK,2,2026-08-11,3415
intrasofttechnologies.com,,,,,,,0,2026-08-11,3415
nventr.ai,Nventr,1-10,"SAAS:0.97, SOFTWARE:0.95",Los Angeles,CA,US,2,2026-08-11,3415
parano.ai,,,,,,,0,2026-08-11,3415
newployee.com,,,,,,,0,2026-08-11,3415
mobilitydesk.com,,,,,,,0,2026-08-11,3415
leadscore.io,,,,,,,0,2026-08-11,3415
ewebinar.com,,,,,,,0,2026-08-11,3415
creativeportfolio.online,,,,,,,0,2026-08-11,3415
getparse.io,,,,,,,0,2026-08-11,3415
pascalailabs.com,Pascal,11-50,"FINANCIAL_SERVICES:0.93, SAAS:0.92",Hackney,MH,GB,3,2026-08-11,3415
smooothbiz.io,,,,,,,0,2026-08-11,3415
earthoffice.cloud,,,,,,,0,2026-08-11,3415
livesession.io,LiveSession,1-10,"BIG_DATA_AND_ANALYTICS:0.93, SAAS:0.98",Wrocław,02,PL,3,2026-08-11,3415
betterreports.com,Better Reports,1-10,"BIG_DATA_AND_ANALYTICS:0.87, SAAS:0.98",Sydney,NSW,AU,1,2026-08-11,3415
focusin.net,,,,,,,0,2026-08-11,3415
getlaunchlist.com,,,,,,,0,2026-08-11,3415
impactpilot.io,ImpactPilot,1-10,SAAS:0.99,London,NH,GB,1,2026-08-11,3415
lgorithmsolutions.com,Lgorithm Solutions,11-50,"FINANCIAL_SERVICES:0.57, SAAS:0.91, SOFTWARE:0.85",Taguig,00,PH,2,2026-08-11,3415
winningstrengthblueprint.com,,,,,,,0,2026-08-11,3415
codesolvent.com,,,,,,,0,2026-08-11,3415
trackroutes.com,,,,,,,0,2026-08-11,3415
xebrio.com,,,,,,,0,2026-08-11,3415
teambuildr.fr,,,,,,,0,2026-08-11,3415
js-factory.io,,,,,,,0,2026-08-11,3415
blockfrost.io,,,,,,,0,2026-08-11,3415
productivitysweet.com,,,,,,,0,2026-08-11,3415
yattare.com,,,,,,,0,2026-08-11,3415
saleskit.com,Saleskit,11-50,"BIG_DATA_AND_ANALYTICS:0.72, SAAS:0.97",Bratislava,BL,SK,2,2026-08-11,3415
eclectustech.net,,,,,,,0,2026-08-11,3415
tinyanalytics.io,,,,,,,0,2026-08-11,3415
packhunt.io,Packhunt,11-50,"MANUFACTURING:0.93, SAAS:0.87",Amsterdam,NH,NL,3,2026-08-11,3415
terraverde.sg,,,,,,,0,2026-08-11,3415
sfp-flow.com,,,,,,,0,2026-08-11,3415
asbestosremovalapp.com,,,,,,,0,2026-08-11,3415
reportingninja.com,Reporting Ninja,1-10,SAAS:0.99,,MD,BR,1,2026-08-11,3415
jobbliss.com,,,,,,,0,2026-08-11,3415
civalgo.com,Civalgo,11-50,"CONSTRUCTION:0.98, SAAS:0.92",Montreal,QC,CA,2,2026-08-11,3415
embeddable.com,Embeddable,11-50,"BIG_DATA_AND_ANALYTICS:0.87, SAAS:0.91",London,CT,GB,3,2026-08-11,3415
a2lance.com,,,,,,,0,2026-08-11,3415
finna.ai,,,,,,,0,2026-08-11,3415
100xsuite.com,,,,,,,0,2026-08-11,3415
bizjet.ai,,,,,,,0,2026-08-11,3415
apyhub.com,ApyHub,11-50,"CYBERSECURITY:0.56, SAAS:0.87",Amsterdam,PB,NL,3,2026-08-11,3415
wageloch.com.au,,,,,,,0,2026-08-11,3415
taiso.ai,,,,,,,0,2026-08-11,3415
assetbotsqa.com,,,,,,,0,2026-08-11,3415
bastion.tech,Bastion,11-50,"CYBERSECURITY:0.99, SAAS:0.92",Nanterre,,FR,3,2026-08-11,3415
getupdraft.com,,,,,,,0,2026-08-11,3415
taggoai.com,,,,,,,0,2026-08-11,3415
oblogs.in,,,,,,,0,2026-08-11,3415
talentconnects.co,,,,,,,0,2026-08-11,3415
alphi.dev,Alphi,1-10,SAAS:0.97,London,ENG,GB,1,2026-08-11,3415
userguiding.com,UserGuiding,11-50,SAAS:0.99,Tours,ENG,FR,1,2026-08-11,3415
featurecat.com,,,,,,,0,2026-08-11,3415
menaia.com,Menaia,1-10,SAAS:0.93,Valid,CA,VI,1,2026-08-11,3415
hellotracks.com,Hellotracks,1-10,"SUPPLY_CHAIN_AND_PROCUREMENT:0.47, SAAS:0.42",Fleet,SG,GB,2,2026-08-11,3415
auditstage.com,Auditstage,11-50,"ACCOUNTING:0.98, SAAS:0.94",Kampenhout,VLG,BE,1,2026-08-11,3415
journy.io,,,,,,,0,2026-08-11,3415
howdygo.com,HowdyGo,1-10,SAAS:0.99,Darlinghurst,NSW,AU,2,2026-08-11,3415
jinja.app,,,,,,,0,2026-08-11,3415
whoyou.co.za,WhoYou,11-50,"CYBERSECURITY:0.75, SAAS:0.94",Johannesburg,GP,ZA,1,2026-08-11,3415
yobee.co.in,Yobee Research Private,1-10,"FINANCIAL_SERVICES:0.94, SAAS:0.95",,MH,IN,3,2026-08-11,3415
safer.plus,,,,,,,0,2026-08-11,3415
cloudmaker.ai,Cloud Maker,1-10,"CLOUD_COMPUTING:0.58, CYBERSECURITY:0.76, SAAS:0.94",London,ENG,GB,1,2026-08-11,3415
kernelpay.com,,,,,,,0,2026-08-11,3415
eventgroove.ca,,,,,,,0,2026-08-11,3415
virtualemployee.co,,,,,,,0,2026-08-11,3415
getbuildify.com,,,,,,,0,2026-08-11,3415
pingdom.com,,,,,,,0,2026-08-11,3415
ctrlcampus.com,CtrlCampus,11-50,"EDUCATION:0.99, SAAS:0.95",Hyderabad,TS,IN,1,2026-08-11,3415
cardetailingapp.com,,,,,,,0,2026-08-11,3415
wingtrill.com,,,,,,,0,2026-08-11,3415
unificx.com,,,,,,,0,2026-08-11,3415
syncmate.com,,,,,,,0,2026-08-11,3415
requestbin.net,,,,,,,0,2026-08-11,3415
noorahq.com,Noora AB,1-10,SAAS:1.0,,AB,CA,3,2026-08-11,3415
bigconsole.com,,,,,,,0,2026-08-11,3415
paragraph.ph,,,,,,,0,2026-08-11,3415
neogated.com,,,,,,,0,2026-08-11,3415
wedevit.fr,,,,,,,0,2026-08-11,3415
cyberawaresecurity.com,,,,,,,0,2026-08-11,3415
fiable.com.au,Fiable,11-50,"CONSTRUCTION:0.73, SAAS:0.97",Kirrawee,NSW,AU,3,2026-08-11,3415
chartbrew.com,,,,,,,0,2026-08-11,3415
trueestate.in,,,,,,,0,2026-08-11,3415
ir-suite.com,,,,,,,0,2026-08-11,3415
floyo.ai,,,,,,,0,2026-08-11,3415
multbrand.com,,,,,,,0,2026-08-11,3415
marketplacekit.com,,,,,,,0,2026-08-11,3415
subly.app,,,,,,,0,2026-08-11,3415
cloudreviewer.net,,,,,,,0,2026-08-11,3415
juggl.co,Juggl,1-10,"HUMAN_RESOURCES:0.98, SAAS:0.96",Sheridan,14,US,2,2026-08-11,3415
bridg.money,,,,,,,0,2026-08-11,3415
and-websolution.com,,,,,,,0,2026-08-11,3415
investipal.co,Investipal,1-10,"FINANCIAL_SERVICES:0.97, SAAS:0.94",Halifax,IL,CA,3,2026-08-11,3415
truststack.dev,,,,,,,0,2026-08-11,3415
getkombo.ai,KomboAI,11-50,SAAS:0.96,Barcelona,CT,ES,2,2026-08-11,3415
easyteam.com,Easyteam,1-10,"HUMAN_RESOURCES:0.93, SAAS:0.92",Tel Aviv 6936457,,IL,3,2026-08-11,3415
mightyforms.com,,,,,,,0,2026-08-11,3415
digitalbizmaps.com,,,,,,,0,2026-08-11,3415
quickrecruit.com,Quick Recruit,11-50,"HUMAN_RESOURCES:0.97, SAAS:0.97",Jalavayuvihar,TN,IN,1,2026-08-11,3415
sitebehaviour.com,,,,,,,0,2026-08-11,3415
shopmonkey.dev,,,,,,,0,2026-08-11,3415
orginfo.io,,,,,,,0,2026-08-11,3415
golimelight.com,Limelight,11-50,SAAS:0.97,North York,ON,CA,3,2026-08-11,3415
mvpurr.com,,,,,,,0,2026-08-11,3415
sitedrive.com,,,,,,,0,2026-08-11,3415
hrapp.in,Caprice Technologies Pvt,11-50,"HUMAN_RESOURCES:0.99, SAAS:0.98",Coimbatore,TN,IN,1,2026-08-11,3415
showroom.so,,,,,,,0,2026-08-11,3415
perigon.io,Perigon,11-50,"BIG_DATA_AND_ANALYTICS:0.86, SAAS:0.89",More,TX,CM,3,2026-08-11,3415
allquiet.app,All Quiet,1-10,"CYBERSECURITY:0.53, SAAS:0.98",Berlin,BE,DE,2,2026-08-11,3415
heycustomer.com,,,,,,,0,2026-08-11,3415
spotch.io,,,,,,,0,2026-08-11,3415
mercenta.com,Mercenta,1-10,"SAAS:0.96, SOFTWARE:0.6, SUPPLY_CHAIN_AND_PROCUREMENT:0.83",Shenzhen,GUANGDONG,CN,1,2026-08-11,3415
scoold.com,,,,,,,0,2026-08-11,3415
codespro.de,,,,,,,0,2026-08-11,3415
getopensocial.com,Open Social,11-50,SAAS:0.97,Amsterdam,,NL,3,2026-08-11,3415
onestaq.co,,,,,,,0,2026-08-11,3415
appmixer.com,Appmixer,11-50,"SAAS:0.73, SOFTWARE:0.98",Karlín,52,CZ,1,2026-08-11,3415
transpond.io,Transpond,1-10,SAAS:0.92,,ENG,GB,1,2026-08-11,3415
successionhr.com,SuccessionHR,1-10,"HUMAN_RESOURCES:0.95, SAAS:0.97",Toronto,ON,CA,2,2026-08-11,3415
zmode.com,,,,,,,0,2026-08-11,3415
idealtwin.com,,,,,,,0,2026-08-11,3415
engage.ninja,,,,,,,0,2026-08-11,3415
dataploy.io,,,,,,,0,2026-08-11,3415
lana.eco,,,,,,,0,2026-08-11,3415
assistifai.me,,,,,,,0,2026-08-11,3415
brandyoufunnels.com,,,,,,,0,2026-08-11,3415
midvision.com,,,,,,,0,2026-08-11,3415
getflowmo.com,FlowMo,1-10,"BIG_DATA_AND_ANALYTICS:0.86, SAAS:0.97",,MA,US,2,2026-08-11,3415
bolstat.com,,,,,,,0,2026-08-11,3415
leadmachine.ai,,,,,,,0,2026-08-11,3415
pulseremote.com,,,,,,,0,2026-08-11,3415
happysupport.ai,HappySupport,1-10,SAAS:0.99,Heilbronn,BW,DE,1,2026-08-11,3415
witmetrics.io,,,,,,,0,2026-08-11,3415
getprimo.com,Primo,11-50,SAAS:0.98,Neuilly-sur-Seine,IDF,FR,2,2026-08-11,3415
upfluence.ai,,,,,,,0,2026-08-11,3415
clodify.com,,,,,,,0,2026-08-11,3415
avianis.com,Avianis,1-10,"DEFENSE_AND_AEROSPACE:0.54, SAAS:0.98",Cary,NC,US,1,2026-08-11,3415
raqi.com,Raqi Technologies,11-50,SAAS:0.99,Sharjah,FL,AE,1,2026-08-11,3415
pageai.pro,,,,,,,0,2026-08-11,3415
crewview.com,,,,,,,0,2026-08-11,3415
claimlane.com,Claimlane,11-50,SAAS:0.98,,84,US,3,2026-08-11,3415
pulsevision.io,,,,,,,0,2026-08-11,3415
methtestingapp.com,,,,,,,0,2026-08-11,3415
visitorquery.com,,,,,,,0,2026-08-11,3415
scorethebusiness.com,,,,,,,0,2026-08-11,3415
tuist.dev,,,,,,,0,2026-08-11,3415
webridge.biz,Webridge,1-10,"SAAS:0.96, SUPPLY_CHAIN_AND_PROCUREMENT:0.94",Berlin,BE,DE,1,2026-08-11,3415
groupanic.com,,,,,,,0,2026-08-11,3415
arketic.ai,,,,,,,0,2026-08-11,3415
elevolt.co.ke,,,,,,,0,2026-08-11,3415
vouch.careers,,,,,,,0,2026-08-11,3415
responsly.com,,,,,,,0,2026-08-11,3415
performanceleader.com,Performance Leader,11-50,"HUMAN_RESOURCES:0.5, LEGAL:0.66, SAAS:0.95",Richmond,VIC,AU,2,2026-08-11,3415
lunam.com,,,,,,,0,2026-08-11,3415
trringme.com,,,,,,,0,2026-08-11,3415
arenacreate.com,,,,,,,0,2026-08-11,3415
palettehq.com,PaletteHQ,11-50,SAAS:0.98,Wilmington,IDF,US,1,2026-08-11,3415
formobi.in,,,,,,,0,2026-08-11,3415
useturf.io,,,,,,,0,2026-08-11,3415
stockinsights.ai,Stockinsights,1-10,"FINANCIAL_SERVICES:0.83, SAAS:0.94",,KA,US,1,2026-08-11,3415
waybook.com,Waybook,1-10,"HUMAN_RESOURCES:0.69, SAAS:0.99",London,ENG,GB,2,2026-08-11,3415
decimal.at,Decimal,1-10,"BLOCKCHAIN_AND_CRYPTOCURRENCY:0.96, SAAS:0.98",Settlements,KA,AT,1,2026-08-11,3415
rewardsfuel.com,,,,,,,0,2026-08-11,3415
kitemaker.co,,,,,,,0,2026-08-11,3415
akitaapp.io,,,,,,,0,2026-08-11,3415
solutionbuilder.co,,,,,,,0,2026-08-11,3415
cyberchief.ai,,,,,,,0,2026-08-11,3415
cleansmart.net.au,,,,,,,0,2026-08-11,3415
makh.org,,,,,,,0,2026-08-11,3415
tecnicloud.com,,,,,,,0,2026-08-11,3415
robonito.com,Robonito,11-50,"SAAS:0.99, SOFTWARE:0.94",Riyadh,GA,SA,3,2026-08-11,3415
staffplan.io,,,,,,,0,2026-08-11,3415
youxpowered.com.au,youX,11-50,"AUTOMOTIVE:0.93, SAAS:0.96",Ben Buckler,TAS,AU,3,2026-08-11,3415
openopps.com,Open Opportunities,11-50,"BIG_DATA_AND_ANALYTICS:0.97, SAAS:0.94, SUPPLY_CHAIN_AND_PROCUREMENT:0.84",Bognor Regis,ENG,GB,1,2026-08-11,3415
hostpepper.com,,,,,,,0,2026-08-11,3415
actas.io,,,,,,,0,2026-08-11,3415
enablegrowth.com,,,,,,,0,2026-08-11,3415
canyou.com.au,Canyou,1-10,SAAS:1.0,Pyrmont,ENG,AU,1,2026-08-11,3415
maxstore.co.il,,,,,,,0,2026-08-11,3415
joinkliq.io,KLIQ,11-50,SAAS:0.96,London,ENG,GB,1,2026-08-11,3415
rmtglobal.com,RMT Support,11-50,SAAS:0.99,Menlo Park,CA,US,2,2026-08-11,3415
vplans.com,VPlans,11-50,"CONSTRUCTION:0.79, REAL_ESTATE:0.83, SAAS:0.94",רמת גן,DNC,IL,1,2026-08-11,3415
myqabee.com,,,,,,,0,2026-08-11,3415
bigdbm.com,Bigdbm,1-10,"BIG_DATA_AND_ANALYTICS:0.98, SAAS:0.88",Surfside,FL,US,1,2026-08-11,3415
devicenetwork.com,Device Network FZ-LLC,1-10,SAAS:0.95,Ras Al Khaimah,DU,AE,1,2026-08-11,3415
inoreader.com,,,,,,,0,2026-08-11,3415
boardnotebook.com,,,,,,,0,2026-08-11,3415
noggin.ai,Noggin,1-10,"BIG_DATA_AND_ANALYTICS:0.93, SAAS:0.9",High Street,,SG,1,2026-08-11,3415
ellantec.com,,,,,,,0,2026-08-11,3415
chift.eu,Chift,11-50,"ACCOUNTING:0.74, SAAS:0.99",Uccle,IDF,BE,1,2026-08-11,3415
seenit.io,Seenit,11-50,"HUMAN_RESOURCES:0.9, SAAS:0.99",,ENG,GB,1,2026-08-11,3415
workcast.com,WorkCas,1-10,SAAS:0.97,Gateshead,ENG,GB,3,2026-08-11,3415
dataroom.pro,,,,,,,0,2026-08-11,3415
ludgi.ai,,,,,,,0,2026-08-11,3415
managemyrenewals.com.au,Manage My Renewals Pty,1-10,SAAS:1.0,Woollahra,ACT,AU,1,2026-08-11,3415
goapprentice.com,Apprentice,11-50,"ACCOUNTING:0.7, SAAS:0.96",,,US,2,2026-08-11,3415
zoobbe.com,Zoobbe,1-10,SAAS:0.99,Basic,NV,US,1,2026-08-11,3415
55degrees.se,55 Degrees AB,11-50,"BIG_DATA_AND_ANALYTICS:0.85, SAAS:0.98",Malmö,M,SE,2,2026-08-11,3415
intranets.com.au,Intranet Solutions,1-10,SAAS:0.95,South Melbourne,VIC,AU,1,2026-08-11,3415
kwantic.co,,,,,,,0,2026-08-11,3415
videosign.co.uk,,,,,,,0,2026-08-11,3415
getobok.com,,,,,,,0,2026-08-11,3415
client.io,Client,11-50,"SAAS:0.71, SOFTWARE:0.98",Prague,,CZ,1,2026-08-11,3415
wesonline.ng,,,,,,,0,2026-08-11,3415
automatr.tech,AutomatR,1-10,"SAAS:0.97, SOFTWARE:0.91",Cyberabad,TS,IN,1,2026-08-11,3415
councilsapp.com,,,,,,,0,2026-08-11,3415
hourlyrate.ai,,,,,,,0,2026-08-11,3415
mi.team,,,,,,,0,2026-08-11,3415
bhavyasoftwares.com,,,,,,,0,2026-08-11,3415
pagestudiocms.com,,,,,,,0,2026-08-11,3415
interviewer.ai,Interviewer,1-10,"EDUCATION:0.73, HUMAN_RESOURCES:0.84, SAAS:0.99",Robinson Road,,SG,3,2026-08-11,3415
mentorink.com,Mentorink,1-10,"HUMAN_RESOURCES:0.89, SAAS:0.97",London,ENG,GB,1,2026-08-11,3415
analyticsverse.com,AnalyticsVerse,1-10,"BIG_DATA_AND_ANALYTICS:0.7, SAAS:0.99",Bangalore,MH,IN,3,2026-08-11,3415
nexwaveapp.com,,,,,,,0,2026-08-11,3415
agentspanel.com,AgentsPanel,1-10,"SAAS:0.99, TELECOMMUNICATIONS:0.57",Hindi,DL,UA,1,2026-08-11,3415
formbricks.com,Formbricks,1-10,"BIG_DATA_AND_ANALYTICS:0.54, SAAS:0.98, SOFTWARE:0.94",Kiel,MH,DE,3,2026-08-11,3415
smartbuilder360.com,,,,,,,0,2026-08-11,3415
edworking.com,Edworking,1-10,SAAS:1.0,London,ENG,GB,1,2026-08-11,3415
fintechinsights.io,FinTech Insights,11-50,SAAS:0.95,London,ENG,GB,1,2026-08-11,3415
straal.com,Straal Sp. z o. o,11-50,"FINANCIAL_SERVICES:0.97, SAAS:0.93",Warszawa,FL,PL,1,2026-08-11,3415
oneclickmarketflow.com,,,,,,,0,2026-08-11,3415
eaziflow.com,,,,,,,0,2026-08-11,3415
newired.com,Newired S.r.l.,11-50,SAAS:0.96,Torino,12,IT,3,2026-08-11,3415
dyocense.com,DyoCense,11-50,"MANUFACTURING:0.77, SAAS:0.95, SOFTWARE:0.71",Bangalore,ENG,IN,3,2026-08-11,3415
byte-hr.com,ByteHR,11-50,"HUMAN_RESOURCES:0.97, SAAS:0.99",Bang Plat,TN,TH,1,2026-08-11,3415
formbold.com,,,,,,,0,2026-08-11,3415
dsfulfill.com,,,,,,,0,2026-08-11,3415
strideerp.com,,,,,,,0,2026-08-11,3415
0labs.ai,,,,,,,0,2026-08-11,3415
safestack.io,SafeStack,11-50,"CYBERSECURITY:0.98, SAAS:0.98",,AUK,NZ,2,2026-08-11,3415
helppier.com,,,,,,,0,2026-08-11,3415
simplewebrtc.com,,,,,,,0,2026-08-11,3415
theia.cloud,,,,,,,0,2026-08-11,3415
heyweek.com,,,,,,,0,2026-08-11,3415
tye.one,,,,,,,0,2026-08-11,3415
sparko.app,,,,,,,0,2026-08-11,3415
systemhub.com,systemHUB,11-50,"HUMAN_RESOURCES:0.57, SAAS:0.99",Prahran,ON,AU,1,2026-08-11,3415
centralcave.com,,,,,,,0,2026-08-11,3415
1pilot.io,,,,,,,0,2026-08-11,3415
collaboard.app,,,,,,,0,2026-08-11,3415
venturacloud.ai,,,,,,,0,2026-08-11,3415
elia.io,Elia,11-50,"COMPUTER_HARDWARE_AND_SEMICONDUCTORS:0.79, SAAS:0.99",Quebec,QC,CA,3,2026-08-11,3415
releasecat.io,,,,,,,0,2026-08-11,3415
saasus.io,,,,,,,0,2026-08-11,3415
aplas.com,Aplas,1-10,SAAS:0.98,Melbourne,VIC,AU,1,2026-08-11,3415
gundo.life,,,,,,,0,2026-08-11,3415
endear.ai,,,,,,,0,2026-08-11,3415
bulldozair.com,,,,,,,0,2026-08-11,3415