domain,bot_bucket,chat_class,vendor,quotable_line
111skin.com,TEXT BOT,ai-lookup-login-gated,Gorgias,"I understand you want to check your order status. To locate the order, please log in so we can access your order details and tracking for you 😊 Verify order details"
16arlington.co.uk,TEXT BOT,canned-wait-time,Gorgias,We will get back to you in about 4 minutes
1stopspas.com,NO BOT,not-probed,,
200degs.com,NO BOT,no-chat-widget,,
2pedalz.com,NO BOT,not-probed,,
3leggedthing.com,NO BOT,no-chat-widget,,
47skin.com,NO BOT,no-chat-widget,Gorgias,
80scasualclassics.co.uk,NO BOT,no-chat-widget,,
9barista.com,NO BOT,no-chat-widget,,
abask.com,NO BOT,no-chat-widget,,
abbeydalebrewery.co.uk,NO BOT,not-probed,,
abbeygatelighting.co.uk,NO BOT,not-probed,,
abbottlyon.com,BUTTONS BOT,prechat-form-gated,DigitalGenius,
abdo.org.uk,NO BOT,not-probed,,
abigailahern.com,NO BOT,other-reply,Zendesk,You say: Sent · Just now Abi Bot is typing
academieduvinlibrary.com,NO BOT,blocked-not-probed,,
acaiberryfoods.com,NO BOT,no-chat-widget,,
acaioutdoorwear.com,NO BOT,no-chat-widget,,
acci.org.uk,NO BOT,not-probed,,
accotax.co.uk,NO BOT,not-probed,,
aceongroup.com,NO BOT,not-probed,,
activehealthsolutions.co.uk,NO BOT,not-probed,,
activeoutdoorpursuits.com,NO BOT,no-chat-widget,,
acuprime.com,NO BOT,no-chat-widget,Tawk.to,
acupuncture.org.uk,NO BOT,not-probed,,
adamley.co.uk,NO BOT,not-probed,,
adanola.com,BUTTONS BOT,menu-only-no-freetext,DigitalGenius,
adnams.co.uk,BUTTONS BOT,menu-only-no-freetext,,
aduna.com,NO BOT,no-chat-widget,,
adventurelanding.com,NO BOT,not-probed,,
afarley.co.uk,NO BOT,no-chat-widget,Richpanel,
age-of-innocence.com,NO BOT,no-chat-widget,,
agespace.org,NO BOT,not-probed,,
agiliosoftware.com,NO BOT,no-chat-widget,,
ahandtailoredsuit.com,NO BOT,no-chat-widget,,
airpowerproducts.co.uk,NO BOT,not-probed,,
akdfurniture.co.uk,NO BOT,no-chat-widget,,
aktlondon.com,TEXT BOT,ai-lookup-login-gated,Gorgias,"Hi. We’d love to help track this down for you, but we need you to log in first so we can access your order details. Verify order details"
alanpaine.co.uk,TEXT BOT,ai-lookup-login-gated,Gorgias,"Hi, I can help with that. Please log in so we can look up your latest order and check its status for you 🙂 Verify order details"
alara.co.uk,NO BOT,not-probed,,
alexmonroe.com,NO BOT,no-chat-widget,,
aligne.co,NO BOT,no-chat-widget,Gorgias,
alisongardiner.co.uk,NO BOT,not-probed,,
allclothing.co.uk,NO BOT,not-probed,,
allenbrothers.co.uk,NO BOT,no-chat-widget,,
allplants.com,NO BOT,no-chat-widget,,
alltheanime.com,NO BOT,no-chat-widget,,
allthingstennis.co.uk,NO BOT,no-chat-widget,,
alpinegardensociety.net,NO BOT,not-probed,,
alpkit.com,BUTTONS BOT,menu-only-no-freetext,Gorgias,
americanconcrete.org,NO BOT,not-probed,,
ameriprac.com,NO BOT,not-probed,,
ammf.org.uk,NO BOT,not-probed,,
amoslighting.co.uk,NO BOT,no-chat-widget,,
analoguewonderland.co.uk,TEXT BOT,ai-lookup-login-gated,Gorgias,"Thanks for getting in touch. To check your order status, please log in to your account first so we can look up your order for you 🙂 Verify order details"
anaphylaxis.org.uk,BUTTONS BOT,menu-only-no-freetext,,
andark.co.uk,NO BOT,no-chat-widget,,
angelcomedy.co.uk,NO BOT,not-probed,,
angels-face.co.uk,NO BOT,no-chat-widget,,
angesdesucre.com,NO BOT,no-chat-widget,,
anglepoise.com,NO BOT,not-probed,,
angliandental.co.uk,NO BOT,not-probed,,
aniahaie.com,NO BOT,no-chat-widget,,
anniesloan.com,NO BOT,not-probed,,
antiquejewellerycompany.com,NO BOT,not-probed,,
antler.co.uk,NO BOT,no-chat-widget,Gorgias,
anyahindmarch.com,NO BOT,no-chat-widget,,
aop.plus,BUTTONS BOT,prechat-form-gated,Freshchat,Send
aperformance.co.uk,NO BOT,not-probed,,
apoc-store.com,NO BOT,no-chat-widget,,
appliancecity.co.uk,NO BOT,no-chat-widget,,
applianceworldonline.com,NO BOT,no-chat-widget,,
appliednutrition.uk,NO BOT,blocked-not-probed,,
aquarterof.co.uk,NO BOT,no-chat-widget,,
aquatiere.co.uk,NO BOT,not-probed,,
arbortec.com,NO BOT,no-chat-widget,,
architecturalplants.com,NO BOT,not-probed,,
arenaflowers.com,BUTTONS BOT,menu-only-no-freetext,Gorgias,
arielmotor.co.uk,NO BOT,no-chat-widget,,
armacmartin.co.uk,NO BOT,other-reply,Freshchat,Where a minute ago
arneclo.com,BUTTONS BOT,menu-only-no-freetext,DigitalGenius,
aromatherapyassociates.com,TEXT BOT,canned-wait-time,Tidio,We typically reply within a few minutes
artisanplastercraft.com,NO BOT,not-probed,,
artofthemovies.co.uk,NO BOT,no-chat-widget,Tidio,
artuner.com,NO BOT,not-probed,,
asancup.com,NO BOT,no-chat-widget,,
ashleigh-burwood.co.uk,BUTTONS BOT,menu-only-no-freetext,,
ashridgetrees.co.uk,TEXT BOT,ai-lookup-login-gated,Gorgias,"Hi, I’m sorry, but we need you to log in so we can check your order status for you. Please sign in to your account, and we’ll take a look right away. Verify order details"
asics.com,NO BOT,not-probed,,
aspiga.com,NO BOT,no-chat-widget,Gorgias,
asprey.com,BUTTONS BOT,menu-only-no-freetext,Gorgias,
asterleybros.com,NO BOT,no-chat-widget,,
astonandfincher.co.uk,NO BOT,not-probed,,
astonbond.co.uk,NO BOT,not-probed,,
astonish.co.uk,NO BOT,no-chat-widget,,
astridandmiyu.com,BUTTONS BOT,menu-only-no-freetext,Gorgias,
atgaccess.com,NO BOT,not-probed,,
atlasrecords.co.uk,BUTTONS BOT,menu-only-no-freetext,,
atolyestone.com,BUTTONS BOT,menu-only-no-freetext,Zendesk,
aubinandwills.com,BUTTONS BOT,menu-only-no-freetext,Gorgias,
aubreyallen.co.uk,NO BOT,not-probed,,
autoid.co,BUTTONS BOT,menu-only-no-freetext,Gorgias,
autotimesystems.co.uk,NO BOT,not-probed,,
auvodka.co.uk,TEXT BOT,ai-lookup-login-gated,Gorgias,"Hi, I know you want a clear update on your order. To look it up and track it properly, please log in first so we can access your order details for you ✨ Verify order details"
avalancheadventure.co.uk,NO BOT,not-probed,,
avant-skincare.com,TEXT BOT,no-response-human-queue,,
avonstar.co.uk,NO BOT,no-chat-widget,,
awake-mode.com,TEXT BOT,ai-lookup-login-gated,Gorgias,"Hello, Thank you for contacting A.W.A.K.E. Mode. To check your order status, please log in to your account first so we can access your order details. Once you are logged in, we can review it for you right away. Verify order details"
awakeorganics.co.uk,NO BOT,no-chat-widget,,
axolbio.com,NO BOT,not-probed,,
baastool.co.uk,NO BOT,no-chat-widget,Tidio,
babyandchildstore.com,NO BOT,not-probed,,
babymori.com,NO BOT,no-chat-widget,,
bagista.co.uk,NO BOT,no-chat-widget,,
balancecoffee.co.uk,BUTTONS BOT,menu-only-no-freetext,Gorgias,
baldwin.co.uk,NO BOT,not-probed,,
ballet.org.uk,NO BOT,not-probed,,
bambersew.com,NO BOT,not-probed,,
bambooclothing.co.uk,NO BOT,not-probed,,
banneroftruth.org,NO BOT,no-chat-widget,,
bannerworld.co.uk,NO BOT,other-reply,LiveChat,Hello. How may I help you? How can I help?
barebiology.com,BUTTONS BOT,email-gate-to-human,Gorgias,Welcome! Please enter your email and send us a message to connect with our team. Email * Submit
barkandjack.com,NO BOT,no-chat-widget,,
barnflorist.co.uk,NO BOT,not-probed,,
baronspubs.com,NO BOT,not-probed,,
baronycountryfoods.co.uk,NO BOT,not-probed,,
barpublishing.com,NO BOT,not-probed,,
batchcoffee.co.uk,NO BOT,not-probed,,
bayley-sage.co.uk,NO BOT,no-chat-widget,,
be-fibre.co.uk,NO BOT,not-probed,,
beardsanddaisies.co.uk,TEXT BOT,canned-wait-time,Gorgias,Typically replies in a few minutes Thanks for reach
beataheuman.com,NO BOT,no-chat-widget,,
beaucroftwatches.com,NO BOT,no-chat-widget,,
beautifulbetsy.co.uk,NO BOT,no-chat-widget,,
beautyandtheboutique.com,BUTTONS BOT,menu-only-no-freetext,Gorgias,
beautypie.com,TEXT BOT,ai-lookup-login-gated,Gorgias,"Hi there, welcome to Beauty Pie! I’m sorry you’re having trouble checking your order status. Please log in so we can look up your latest order and tracking details for you. Thanks so much for reaching out, and have a lovely day! Verify order details"
beavertownbrewery.co.uk,NO BOT,blocked-not-probed,,
becopets.com,TEXT BOT,ai-no-lookup-escalates,Gorgias,wait time is greater than 15 minutes
bedfactorydirect.co.uk,NO BOT,no-chat-widget,,
beegood.co.uk,NO BOT,no-chat-widget,,
beeinspiredclothing.com,NO BOT,no-chat-widget,Gorgias,
beeline.co,NO BOT,no-chat-widget,Intercom,
beerhunter.co.uk,NO BOT,no-chat-widget,Gorgias,
belgraviagallery.com,NO BOT,not-probed,,
bellabarista.co.uk,NO BOT,no-chat-widget,,
bellamianta.com,BUTTONS BOT,menu-only-no-freetext,,
belstaff.com,TEXT BOT,ai-lookup-login-gated,Gorgias,"Hi, I’m sorry you cannot see your order status right now. Please log in to your account so we can check your order and give you the latest tracking update. Verify order details"
bensonandclegg.com,NO BOT,no-chat-widget,,
bertandmay.com,BUTTONS BOT,menu-only-no-freetext,,
bestfoxcall.co.uk,NO BOT,not-probed,,
bettertopics.com,NO BOT,not-probed,,
betteryou.com,NO BOT,no-chat-widget,,
beyondnine.co.uk,NO BOT,no-chat-widget,Gorgias,
bfff.co.uk,NO BOT,not-probed,,
biennial.com,NO BOT,not-probed,,
billytannery.co.uk,NO BOT,no-chat-widget,,
birdandblendtea.com,TEXT BOT,asks-for-order-details,Gorgias,"Izzy Hi there, Thanks for getting in touch! Please could you let me know your order number or email address so I can take a look into this for you? Thanks so much- Izzy@B&B"
birminghamoptical.co.uk,NO BOT,not-probed,,
biscuiteers.com,NO BOT,no-chat-widget,Zendesk,
black-blum.com,TEXT BOT,asks-for-order-details,Re:amaze,"· Sent I'd be happy to help you track your order! To look up your order status, I'll need two pieces of information: Your email address (the one you used when placing the order) Your order ID or order number Once you provide those, I can get you the tracking details and delivery information. UK Bot · 1:09 pm · Appreciate I'm Done"
blackeyewear.com,NO BOT,no-chat-widget,,
blackrockgrill.com,NO BOT,no-chat-widget,,
blackstaramps.com,NO BOT,not-probed,,
blakelyclothing.com,NO BOT,no-chat-widget,DigitalGenius,
blandfordtools.co.uk,NO BOT,not-probed,,
blccs.co.uk,NO BOT,not-probed,,
bldbro.com,NO BOT,no-chat-widget,Richpanel,
blevinsfranks.com,NO BOT,not-probed,,
bluebella.com,NO BOT,blocked-not-probed,,
bluestreakcrystals.com,BUTTONS BOT,menu-only-no-freetext,,
bluevanilla.com,NO BOT,no-chat-widget,,
bmstechnologies.co.uk,NO BOT,not-probed,,
bocancouture.com,NO BOT,no-chat-widget,,
bodaskins.com,BUTTONS BOT,menu-only-no-freetext,Gorgias,
bodycontrolpilates.com,NO BOT,not-probed,,
boholocs.com,BUTTONS BOT,menu-only-no-freetext,Gorgias,
boldbeanco.com,NO BOT,no-chat-widget,,
bonappetit.co.uk,NO BOT,not-probed,,
bonedaddies.com,NO BOT,not-probed,,
bonfire.co.uk,NO BOT,not-probed,,
bonnietartan.com,NO BOT,no-chat-widget,,
boodles.com,BUTTONS BOT,menu-only-no-freetext,,
borgodenor.com,NO BOT,no-chat-widget,,
boroughbroth.co.uk,NO BOT,no-chat-widget,,
botanicalboys.com,BUTTONS BOT,menu-only-no-freetext,,
bottletop.org,NO BOT,no-chat-widget,,
boutiquecamping.com,BUTTONS BOT,menu-only-no-freetext,Gorgias;Zendesk,
bowercollective.com,NO BOT,no-chat-widget,Gorgias,
boxingscience.co.uk,NO BOT,not-probed,,
boxingscotland.org,NO BOT,not-probed,,
boy-london.com,NO BOT,no-chat-widget,,
bps-tv.co.uk,NO BOT,not-probed,,
bradleycollection.com,NO BOT,not-probed,,
bradtguides.com,NO BOT,not-probed,,
braintumourresearch.org,NO BOT,other-reply,,"Together we will find a cure. A sustainable stream of steady funds gives us the confidence to invest in long-term research at our dedicated Research Centres, helping to cover the costs of our scientists and clinicians, as well as supporting our ongoing campaigning activities. Contact us ·Privacy Policy Secure donation Donation frequency Give once GBP · Pound sterling GBP · Pound sterling Donate with other methods Is my donation secure? · Can I cancel my recurring donation? · Report a problem"
brandecosse.com,NO BOT,not-probed,,
bravefineart.com,NO BOT,no-chat-widget,,
brawbeardoils.com,BUTTONS BOT,menu-only-no-freetext,,
breakspearmedical.com,NO BOT,not-probed,,
breastfeedingnetwork.org.uk,NO BOT,not-probed,,
bremont.com,BUTTONS BOT,menu-only-no-freetext,Gorgias,
brewdog.com,BUTTONS BOT,menu-only-no-freetext,Gorgias,
brewlab.co.uk,NO BOT,not-probed,,
bridgedale.com,NO BOT,no-chat-widget,,
brindisa.com,NO BOT,no-chat-widget,,
british-boxers.com,NO BOT,no-chat-widget,,
brodiecashmere.com,NO BOT,no-chat-widget,,
brokenplanet.com,NO BOT,no-chat-widget,,
brook.org.uk,NO BOT,no-chat-widget,,
brookvent.co.uk,NO BOT,not-probed,,
brownandnewirth.com,NO BOT,no-chat-widget,,
bruichladdich.com,NO BOT,blocked-not-probed,,
brunswickfinewines.com,NO BOT,not-probed,,
buildarmy.com,NO BOT,not-probed,,
builtforathletes.com,NO BOT,no-chat-widget,Redo,
bulldoggear.com,NO BOT,no-chat-widget,Re:amaze,
burg.biz,NO BOT,not-probed,,
business-awards.uk,NO BOT,not-probed,,
buxtonbrewery.co.uk,NO BOT,not-probed,,
buxtons.net,NO BOT,not-probed,,
byaaronwallace.com,NO BOT,no-chat-widget,,
bysarahlondon.com,NO BOT,no-chat-widget,Gorgias,
byterry.com,NO BOT,no-chat-widget,,
bytogether.com,NO BOT,not-probed,,
cabbagesandroses.com,BUTTONS BOT,menu-only-no-freetext,,
cablesystems.co.uk,NO BOT,not-probed,,
caesarstone.co.uk,NO BOT,not-probed,,
callashoes.co.uk,NO BOT,other-reply,Gorgias,"Back online at 9:00 AM Calla Support Bot Leave a message and we will email you once we are online. , What can we help you with? , Other Calla Support Bot Please type the subject: , Subject * , Do you have any additional details to share to help us assist you? ,"
cambridgemask.com,BUTTONS BOT,menu-only-no-freetext,Zendesk,
cambridgesatchel.com,NO BOT,no-chat-widget,Gorgias,
cambridgewine.com,NO BOT,not-probed,,
candle-shack.co.uk,BUTTONS BOT,menu-only-no-freetext,Intercom,
candykittens.co.uk,TEXT BOT,canned-wait-time,Gorgias,Typically replies in a few hours Candy Kittens Supp
candymail.co.uk,BUTTONS BOT,menu-only-no-freetext,,
caple.co.uk,NO BOT,no-chat-widget,,
caratlondon.com,NO BOT,no-chat-widget,Tidio,
caravanandco.com,NO BOT,blocked-not-probed,,
card-company.co.uk,NO BOT,not-probed,,
carlfriedrik.com,NO BOT,not-probed,,
carolinabucci.com,NO BOT,no-chat-widget,,
carolineandrew.co.uk,NO BOT,not-probed,,
carolinegardner.com,BUTTONS BOT,menu-only-no-freetext,,
carpentersworkshopgallery.com,NO BOT,no-chat-widget,,
carrieelizabeth.co.uk,BUTTONS BOT,menu-only-no-freetext,Re:amaze,
casablancaparis.com,NO BOT,no-chat-widget,Gorgias,
castlearts.com,BUTTONS BOT,menu-only-no-freetext,Gorgias,
castlefineart.com,NO BOT,no-chat-widget,,
castrads.com,NO BOT,not-probed,,
cataclean.com,NO BOT,no-chat-widget,,
caterquip.co.uk,NO BOT,not-probed,,
catherinesofpartick.co.uk,NO BOT,not-probed,,
cavemantraining.co.uk,NO BOT,not-probed,,
caviarandcocktails.com,NO BOT,not-probed,,
cdg.uk.com,NO BOT,not-probed,,
cecejewellery.com,NO BOT,no-chat-widget,Gorgias,
cellpacksolutions.co.uk,NO BOT,not-probed,,
cells4life.com,NO BOT,not-probed,,
celticandco.com,NO BOT,no-chat-widget,,
cernucci.com,BUTTONS BOT,prechat-form-gated,DigitalGenius,
ces-hire.com,TEXT BOT,no-response-human-queue,,
cewuk.co.uk,NO BOT,not-probed,,
cfmsr.org.uk,NO BOT,not-probed,,
champneys.com,NO BOT,no-chat-widget,,
champohaircare.com,NO BOT,no-chat-widget,Gorgias,
chapeldown.com,NO BOT,blocked-not-probed,,
character.com,NO BOT,no-chat-widget,,
charbonnel.co.uk,NO BOT,not-probed,,
charlesowen.com,NO BOT,no-chat-widget,,
charleston.org.uk,NO BOT,not-probed,,
cheapasprints.com,NO BOT,not-probed,,
cheerleading.org.uk,NO BOT,not-probed,,
cheltenhamtrust.org.uk,NO BOT,not-probed,,
chesneys.co.uk,NO BOT,not-probed,,
chesterfield-fc.co.uk,NO BOT,not-probed,,
chiabia.com,NO BOT,not-probed,,
chichiclothing.com,NO BOT,no-chat-widget,,
chickenhousebooks.com,NO BOT,not-probed,,
chiddingstonecastle.org.uk,NO BOT,not-probed,,
chiquesport.com,BUTTONS BOT,menu-only-no-freetext,Tidio,
chiselandmouse.com,NO BOT,no-chat-widget,,
chlobo.co.uk,NO BOT,no-chat-widget,,
choicediscount.com,NO BOT,not-probed,,
chord.co.uk,NO BOT,not-probed,,
cinnamon.org.uk,NO BOT,not-probed,,
circularandco.com,NO BOT,not-probed,,
citizensofsoil.com,NO BOT,no-chat-widget,,
clafabrications.co.uk,NO BOT,other-reply,LiveChat,One of our representatives will be with you shortly. Please note that our opening hours are between 8am - 5pm on weekdays. Please email Matt@clafabrications.co.uk who will be happy to assist with your project if our agents are offline. One of our representatives will be with you shortly. Please note that our opening hours are between 8am - 5pm on weekdays. Please email Matt@clafabrications.co.uk who will be happy to assist with your project if our agents are offline.
clarendonfineart.com,NO BOT,no-chat-widget,,
clearspring.co.uk,BUTTONS BOT,menu-only-no-freetext,,
cleens.co.uk,BUTTONS BOT,menu-only-no-freetext,Gorgias,
climate-wise.com,NO BOT,not-probed,,
clothes-doctor.com,BUTTONS BOT,menu-only-no-freetext,Gorgias,
cloudappreciationsociety.org,NO BOT,no-chat-widget,,
cloudninehair.com,NO BOT,no-chat-widget,,
cloudwaterbrew.co,NO BOT,blocked-not-probed,,
club-vino.co.uk,NO BOT,not-probed,,
clubllondon.com,BUTTONS BOT,menu-only-no-freetext,DigitalGenius;Dixa,
coatpaints.com,TEXT BOT,ai-lookup-login-gated,Gorgias,I can help with that. Please log in so we can look up your order details and check the latest status for you. Verify order details
cocoacanopy.co.uk,NO BOT,no-chat-widget,,
cocoarunners.com,NO BOT,no-chat-widget,,
coconut-merchant.com,BUTTONS BOT,menu-only-no-freetext,,
coconutco.co.uk,NO BOT,not-probed,,
coffeelink.com,NO BOT,no-chat-widget,,
cohenschemist.co.uk,NO BOT,not-probed,,
cole-and-son.com,BUTTONS BOT,menu-only-no-freetext,Zendesk,
colebuxton.com,NO BOT,no-chat-widget,,
communityclothing.co.uk,NO BOT,no-chat-widget,,
compassboxwhisky.com,NO BOT,blocked-not-probed,,
completeconnect.co.uk,NO BOT,not-probed,,
condimaniac.com,NO BOT,no-chat-widget,,
condorcycles.com,BUTTONS BOT,menu-only-no-freetext,Help Scout,
conkerspirit.co.uk,NO BOT,not-probed,,
consciousspaces.com,BUTTONS BOT,menu-only-no-freetext,Gorgias,
conservationresources.com,NO BOT,not-probed,,
consortfrozenfoods.co.uk,NO BOT,not-probed,,
coolersomm.com,NO BOT,no-chat-widget,Tidio,
cooplands-bakery.co.uk,NO BOT,not-probed,,
copelanddistillery.com,NO BOT,not-probed,,
coppicegc.com,NO BOT,not-probed,,
coptrz.com,NO BOT,not-probed,,
corelp.co.uk,NO BOT,no-chat-widget,,
cornishseasalt.co.uk,NO BOT,no-chat-widget,,
cosmicdrifters.com,NO BOT,not-probed,,
cotswoldsdistillery.com,NO BOT,blocked-not-probed,,
cottagedelight.co.uk,NO BOT,not-probed,,
coucouintimates.com,NO BOT,blocked-not-probed,,
coynemedical.com,NO BOT,not-probed,,
cpccares.com,NO BOT,not-probed,,
cranbourn.com,NO BOT,no-chat-widget,,
criticalpowersupplies.co.uk,NO BOT,not-probed,,
crowncouture.co.uk,NO BOT,not-probed,,
crownhotel-bawtry.com,NO BOT,not-probed,,
crowood.com,NO BOT,not-probed,,
crumbsanddoilies.co.uk,BUTTONS BOT,menu-only-no-freetext,,
crystalparade.co.uk,NO BOT,no-chat-widget,Tidio,
ctsironmongery.co.uk,NO BOT,not-probed,,
cubitts.com,BUTTONS BOT,prechat-form-gated,DigitalGenius,
cultfurniture.com,NO BOT,no-chat-widget,Gorgias,
cultkits.com,NO BOT,no-chat-widget,Tidio,
cultmia.com,BUTTONS BOT,menu-only-no-freetext,Freshchat,
cumbriacrystal.com,NO BOT,no-chat-widget,,
currentbody.com,BUTTONS BOT,prechat-form-gated,DigitalGenius,
curvykate.com,NO BOT,blocked-not-probed,,
cutlerandgross.com,NO BOT,no-chat-widget,,
cutterandsquidge.com,TEXT BOT,ai-lookup-login-gated,Gorgias,"Hi, I’m sorry you’re having trouble tracking your order. To check this properly, please log in so we can access your order details and help with the latest status. Verify order details"
cyclinguk.org,NO BOT,not-probed,,
daks.com,NO BOT,no-chat-widget,,
damsonmadder.com,BUTTONS BOT,menu-only-no-freetext,Gorgias,We will get back to you within 24 hours Mon-Fri Returns & Exchanges How
dandrfurnishers.co.uk,NO BOT,not-probed,,
danielladraper.com,BUTTONS BOT,menu-only-no-freetext,Gorgias,
dartscorner.co.uk,TEXT BOT,broken-ai-error,Zendesk,Take a look at this article
dash-water.com,TEXT BOT,canned-wait-time,Gorgias,Typically replies in a few minutes DASH Water Bot T
dashaesthetics.co.uk,NO BOT,not-probed,,
davidmorris.com,NO BOT,not-probed,,
davidsonlondon.com,NO BOT,not-probed,,
daylightcompany.com,NO BOT,not-probed,,
daytona.co.uk,NO BOT,not-probed,,
dcrs.co.uk,NO BOT,not-probed,,
debretts.com,NO BOT,not-probed,,
deliciouslyella.com,NO BOT,not-probed,,
delli.market,NO BOT,no-chat-widget,,
demellierlondon.com,NO BOT,other-reply,Answer AI,"Hi! I'm DeMellier's AI Assistant. How can I help you today? It looks like you want to get an update on the status of your order, is that right? YesNo"
denmanbrush.com,TEXT BOT,asks-for-order-details,Re:amaze,"· Sent I'd love to help you track down your order! 🎉 To look up your order status, I'll need two pieces of information: Your email address (the one you used when placing the order) Your order ID or order number Once you provide those, I can get you all the details including tracking information! Álainn · 1:05 pm · Appreciate Thank You!"
derek-rose.com,BUTTONS BOT,email-gate-to-human,Gorgias,"To help us, please enter your email , Automated · Just now"
dermoi.com,NO BOT,not-probed,,
desmondanddempsey.com,NO BOT,other-reply,Dixa;Richpanel,"Conversation D Thanks for reaching out! How can we help? Other D Thanks so much for your patience, we'll connect you to the next available agent as soon as we can! Waiting for an agent to join"
desser.co.uk,NO BOT,no-chat-widget,,
dfyne.com,NO BOT,no-chat-widget,,
dhillonsbrewery.com,NO BOT,not-probed,,
dickensmuseum.com,NO BOT,blocked-not-probed,,
dicks-edinburgh.co.uk,BUTTONS BOT,menu-only-no-freetext,,
dignitypetcrem.co.uk,NO BOT,not-probed,,
discworldemporium.com,NO BOT,not-probed,,
dishoom.com,NO BOT,not-probed,,
displaycentre.co.uk,NO BOT,not-probed,,
distinctivewash.co.uk,NO BOT,not-probed,,
divinechocolate.com,NO BOT,no-chat-widget,,
diybuildingsupplies.co.uk,NO BOT,no-chat-widget,,
doubledutchdrinks.com,NO BOT,no-chat-widget,,
doughlicious.co.uk,NO BOT,not-probed,,
doulton.com,BUTTONS BOT,menu-only-no-freetext,Tawk.to,
downs-syndrome.org.uk,NO BOT,not-probed,,
dowsingandreynolds.com,NO BOT,not-probed,,
dragonforce.com,NO BOT,not-probed,,
dressmezee.com,TEXT BOT,ai-lookup-login-gated,Gorgias,Hi! I can help with that 👍 Please log in so we can check your latest order and tracking for you. Verify order details
drink-trip.com,BUTTONS BOT,menu-only-no-freetext,Gorgias,
drinkhippop.com,NO BOT,no-chat-widget,Gorgias,
drinkwelluk.com,NO BOT,no-chat-widget,,
drivetechltd.co.uk,NO BOT,not-probed,,
droix.co.uk,NO BOT,not-probed,,
drool-art.com,NO BOT,no-chat-widget,Gorgias,
drpawpaw.com,NO BOT,no-chat-widget,Tidio,
drsambunting.com,BUTTONS BOT,menu-only-no-freetext,Gorgias,
drummonds-uk.com,NO BOT,no-chat-widget,,
drvegan.com,NO BOT,no-chat-widget,,
drydrinker.com,NO BOT,no-chat-widget,,
dryrobe.com,BUTTONS BOT,menu-only-no-freetext,,
dsrcv.com,BUTTONS BOT,menu-only-no-freetext,,
dualit.com,NO BOT,no-chat-widget,,
dubarry.com,NO BOT,no-chat-widget,,
duckanddry.com,NO BOT,blocked-not-probed,,
dukeanddexter.com,NO BOT,no-chat-widget,Gorgias,
duracomposites.com,NO BOT,no-chat-widget,,
dusk.com,NO BOT,no-chat-widget,,
e-bikesdirect.co.uk,NO BOT,not-probed,,
e-rides.com,NO BOT,not-probed,,
eachmoment.co.uk,NO BOT,not-probed,,
eaglebrae.co.uk,NO BOT,not-probed,,
eaglesecuritysolutions.co.uk,NO BOT,no-chat-widget,,
earlyrider.com,NO BOT,no-chat-widget,,
earthlink.net,NO BOT,not-probed,,
easilocks.com,NO BOT,no-chat-widget,,
easygates.co.uk,NO BOT,not-probed,,
eatsurreal.co.uk,NO BOT,no-chat-widget,,
ecl-ips.com,NO BOT,not-probed,,
eco-vape.co.uk,NO BOT,blocked-not-probed,,
ecoair.org,NO BOT,no-chat-widget,,
ecoffeecup.com,NO BOT,not-probed,,
ecompositeproducts.co.uk,NO BOT,not-probed,,
edenmill.com,NO BOT,no-chat-widget,,
edgeofember.com,NO BOT,no-chat-widget,Gorgias,
edwardbulmerpaint.co.uk,NO BOT,not-probed,,
ehlers-danlos.org,BUTTONS BOT,menu-only-no-freetext,,
eleatcereal.com,NO BOT,no-chat-widget,Gorgias,
electrical4less.co.uk,NO BOT,not-probed,,
electroheads.com,NO BOT,no-chat-widget,,
elifesciences.org,NO BOT,not-probed,,
eliteprosports.co.uk,NO BOT,not-probed,,
elizabeth-foundation.org,NO BOT,not-probed,,
elizabethbradley.com,NO BOT,no-chat-widget,,
elizabethscarlett.com,NO BOT,no-chat-widget,Gorgias,
elliesanderson.co.uk,NO BOT,not-probed,,
elliotrhodes.com,NO BOT,no-chat-widget,,
elnlondon.com,NO BOT,no-chat-widget,,
eloise.co.uk,NO BOT,not-probed,,
elvdenim.com,NO BOT,no-chat-widget,,
embarkvet.com,NO BOT,not-probed,,
embersnacks.com,NO BOT,no-chat-widget,,
emiliawickstead.com,TEXT BOT,ai-lookup-login-gated,Gorgias,"Thank you for your message and your time. We would be delighted to help with your order update. Please log in so we can access your order details, and we will be happy to provide the latest status for you. Verify order details"
emmabridgewater.co.uk,BUTTONS BOT,menu-only-no-freetext,,
emmajshipley.com,BUTTONS BOT,menu-only-no-freetext,Re:amaze,
encephalitis.info,NO BOT,not-probed,,
enduraroses.com,NO BOT,no-chat-widget,,
endurasport.com,NO BOT,no-chat-widget,,
envii.co.uk,NO BOT,no-chat-widget,Tidio,
epilepsy.org.uk,NO BOT,not-probed,,
epilepsyscotland.org.uk,NO BOT,no-chat-widget,,
equestriansurfaces.co.uk,NO BOT,not-probed,,
erdem.com,TEXT BOT,ai-lookup-login-gated,Gorgias,"Thank you for contacting ERDEM customer service. I’m sorry, but I’m unable to locate your order details at the moment. Please log in so we can check your order status for you. Please let me know if you have any further questions Kindest regards, ERDEM customer care team Verify order details"
erfelectrical.co.uk,NO BOT,not-probed,,
escada.com,NO BOT,no-chat-widget,,
escapelive.co.uk,NO BOT,not-probed,,
escentric.com,TEXT BOT,no-response-human-queue,Zendesk,
esperhq.com,NO BOT,not-probed,,
estellabartlett.com,NO BOT,no-chat-widget,,
eternaltools.com,NO BOT,no-chat-widget,,
ethical-nutrition.com,NO BOT,no-chat-widget,,
eurocross.co.uk,BUTTONS BOT,menu-only-no-freetext,,
eva.ai,NO BOT,not-probed,,
eventmasters.co.uk,NO BOT,not-probed,,
evermade.com,BUTTONS BOT,email-gate-to-human,Gorgias,"Evermade Bot Thanks for reaching out! We will be with you soon. Leave us your email , Automated · Just now"
eversfieldorganic.co.uk,NO BOT,no-chat-widget,,
everythingdinosaur.com,NO BOT,not-probed,,
everythingpadel.co.uk,NO BOT,not-probed,,
evolutionpowertools.com,NO BOT,no-chat-widget,,
exhalecoffee.com,NO BOT,no-chat-widget,Gorgias,
expeditioncampers.co.uk,NO BOT,not-probed,,
explodingbakery.com,NO BOT,no-chat-widget,,
exseedhealth.com,NO BOT,not-probed,,
f2medicalsupplies.com,NO BOT,not-probed,,
faber.co.uk,NO BOT,no-chat-widget,,
faberge.com,BUTTONS BOT,menu-only-no-freetext,Gorgias,
facetheory.com,BUTTONS BOT,menu-only-no-freetext,Re:amaze,
fairyloot.com,NO BOT,no-chat-widget,,
faithinnature.co.uk,BUTTONS BOT,menu-only-no-freetext,,
falconenamelware.com,NO BOT,no-chat-widget,,
farer.com,NO BOT,no-chat-widget,,
farmerj.com,NO BOT,not-probed,,
farmhouse-biscuits.co.uk,NO BOT,not-probed,,
fashioneyewear.com,BUTTONS BOT,menu-only-no-freetext,Help Scout,
fearswatches.com,NO BOT,no-chat-widget,,
fencingsuppliers.co.uk,NO BOT,not-probed,,
fenrircanineleaders.com,BUTTONS BOT,menu-only-no-freetext,Gorgias,
fentimans.com,NO BOT,no-chat-widget,,
fgr.co.uk,NO BOT,not-probed,,
field-fare.com,NO BOT,not-probed,,
fielddoctor.co.uk,TEXT BOT,ai-lookup-login-gated,Gorgias,"Hi, I’m sorry, but to check your order status you’ll need to log in first. Verify order details"
finecheese.co.uk,NO BOT,no-chat-widget,,
finefoodspecialist.co.uk,NO BOT,no-chat-widget,Gorgias,
finisterre.com,TEXT BOT,ai-lookup-login-gated,Gorgias,"Hi, thanks for getting in touch. I’m sorry, but to check where your order is, you’ll need to log in so we can access your order details. Once you’re signed in, we can look into the latest status for you. We hope this helps. Verify order details"
finnmarksauna.com,NO BOT,no-chat-widget,,
firesealsdirect.co.uk,NO BOT,not-probed,,
firmastella.com,NO BOT,not-probed,,
firstmats.co.uk,NO BOT,no-chat-widget,,
firsttunnels.co.uk,NO BOT,not-probed,,
fishingtv.com,BUTTONS BOT,menu-only-no-freetext,Tawk.to,
fiximer.co.uk,NO BOT,not-probed,,
flareaudio.com,TEXT BOT,ai-lookup-login-gated,Gorgias,"Hi, I can help with that. Please log in so we can check your order status and tracking details for you. Once you’re signed in, we’ll take a look right away. Verify order details"
flatspot.com,BUTTONS BOT,menu-only-no-freetext,Gorgias,
flavoractiv.com,NO BOT,not-probed,,
flawlesslashesbyloreta.com,BUTTONS BOT,menu-only-no-freetext,,
fleetmaxxsolutions.co.uk,NO BOT,not-probed,,
fleminghowland.com,NO BOT,not-probed,,
flogas.co.uk,NO BOT,not-probed,,
floodprotectionsolutions.co.uk,NO BOT,not-probed,,
floracurl.com,NO BOT,no-chat-widget,Gorgias,
floralstreet.com,TEXT BOT,ai-lookup-login-gated,Gorgias,"Hi, I can help with that. Please log in so I can check your order details and tracking for you. Verify order details"
florislondon.com,NO BOT,no-chat-widget,,
flybubble.com,NO BOT,no-chat-widget,,
flysportsuk.com,BUTTONS BOT,menu-only-no-freetext,,
fnatic.com,NO BOT,not-probed,,
footpatrol.com,NO BOT,no-chat-widget,,
forartssake.com,NO BOT,not-probed,,
foreststone.uk,NO BOT,not-probed,,
formnutrition.com,NO BOT,not-probed,,
forthglade.com,NO BOT,no-chat-widget,,
fortyclothing.com,BUTTONS BOT,menu-only-no-freetext,,
fourteenacre.co.uk,NO BOT,not-probed,,
fpa.org.uk,BUTTONS BOT,menu-only-no-freetext,,
fragrancedubois.com,NO BOT,no-chat-widget,,
freesoul.com,NO BOT,no-chat-widget,,
freetbarefoot.com,NO BOT,no-chat-widget,,
frescobolcarioca.com,NO BOT,no-chat-widget,,
freshlyfermented.co.uk,NO BOT,not-probed,,
freya-lillie.com,NO BOT,not-probed,,
frovi.co.uk,NO BOT,not-probed,,
fruitybooty.co.uk,NO BOT,no-chat-widget,,
function18.com,BUTTONS BOT,menu-only-no-freetext,Answer AI,
furniss-foods.co.uk,NO BOT,no-chat-widget,,
furnitureonline.co.uk,NO BOT,other-reply,LiveChat,Hello. How may I help you?
futuresfins.com,NO BOT,not-probed,,
gardenersdream.co.uk,NO BOT,no-chat-widget,,
gardening-naturally.com,NO BOT,no-chat-widget,,
garneteducation.com,NO BOT,not-probed,,
garrard.com,NO BOT,no-chat-widget,,
gauchorestaurants.com,NO BOT,no-chat-widget,,
geehair.com,NO BOT,no-chat-widget,,
geoffreyparker.com,NO BOT,no-chat-widget,,
georgieporgiespuddings.co.uk,NO BOT,no-chat-widget,,
geraldgiles.co.uk,NO BOT,not-probed,,
getabearhug.com,TEXT BOT,ai-lookup-login-gated,Gorgias,"I’m sorry, I can’t view your order details until you’re logged in. Please sign in so we can check your latest order and let you know where it is 👍 Verify order details"
getfussy.com,NO BOT,no-chat-widget,Gorgias,
getmorevits.com,NO BOT,no-chat-widget,,
gibsonsgames.co.uk,NO BOT,no-chat-widget,,
gievesandhawkes.com,NO BOT,no-chat-widget,,
gillianarnold.com,NO BOT,no-chat-widget,,
ginetta.com,NO BOT,not-probed,,
girlinmind.com,NO BOT,no-chat-widget,,
globalwatchshop.co.uk,NO BOT,not-probed,,
globe-trotter.com,NO BOT,no-chat-widget,Gorgias,
gloverall.com,NO BOT,no-chat-widget,,
glowforitshop.com,NO BOT,no-chat-widget,,
gobanya.co.uk,NO BOT,not-probed,,
goldenageoftennis.com,NO BOT,no-chat-widget,,
golfclubs4cash.co.uk,NO BOT,not-probed,,
golfswingsystems.co.uk,NO BOT,not-probed,,
goodf.co.uk,NO BOT,not-probed,,
goodhemp.com,NO BOT,not-probed,,
gooseandganderltd.com,NO BOT,no-chat-widget,,
gooutdoors.co.uk,NO BOT,no-chat-widget,,
gozney.com,NO BOT,other-reply,Zendesk,"Ask me a question and I'll find the answer for you. Here are some articles that may help: I have only received part of my order If you have ordered multiple items, it may be that your order is shipped in separate parts. This ... My delivery is lost, what should I do? We're really sorry to hear that your delivery is lost! Please reach out to our Customer Experienc... I haven't received a tracking number or link for my delivery, ... Once your order has been dispatched, you should receive an email for every shipment which contain... You can ask another question. Or you can get in touch. Get in touch"
gplan.co.uk,NO BOT,not-probed,,
grainandframe.com,NO BOT,not-probed,,
grandpier.co.uk,NO BOT,not-probed,,
grangers.co.uk,NO BOT,no-chat-widget,,
greatglendistillery.co.uk,NO BOT,no-chat-widget,,
greatnorthairambulance.co.uk,NO BOT,not-probed,,
greatscotscotland.com,BUTTONS BOT,menu-only-no-freetext,Freshchat,
greavessports.com,NO BOT,no-chat-widget,,
greenblue.com,NO BOT,not-probed,,
greendoors.co.uk,NO BOT,not-probed,,
greenduckbrewery.co.uk,NO BOT,not-probed,,
grenade.com,TEXT BOT,no-response-human-queue,Zendesk,
grind.co.uk,NO BOT,no-chat-widget,Gorgias,
groomi.co.uk,BUTTONS BOT,menu-only-no-freetext,,
growingrevolution.com,NO BOT,not-probed,,
growingsmiles.co.uk,NO BOT,not-probed,,
growtropicals.com,BUTTONS BOT,menu-only-no-freetext,,
grunwerg.co.uk,NO BOT,no-chat-widget,,
gtomega.com,NO BOT,no-chat-widget,,
gudesserts.com,NO BOT,no-chat-widget,,
guthrie-ghani.co.uk,NO BOT,no-chat-widget,,
guttercrest.co.uk,NO BOT,not-probed,,
hackneychurchbrew.co,NO BOT,blocked-not-probed,,
hair-development.com,NO BOT,no-chat-widget,,
hairburst.com,NO BOT,no-chat-widget,Gorgias,
hairguard.com,NO BOT,not-probed,,
hairsyrup.co.uk,NO BOT,no-chat-widget,,
halo.co.uk,NO BOT,not-probed,,
hambletonbrewery.co.uk,NO BOT,not-probed,,
hampers.com,BUTTONS BOT,menu-only-no-freetext,Tawk.to,typically reply in a few minutes
handmadechristmasco.com,NO BOT,not-probed,,
handmadeinbritain.co.uk,NO BOT,no-chat-widget,Zendesk,
hanexsolidsurface.co.uk,NO BOT,not-probed,,
hanxofficial.com,NO BOT,no-chat-widget,,
happygentleman.com,NO BOT,no-chat-widget,Intercom,
harberlondon.com,NO BOT,no-chat-widget,,
harbourlifestyle.co.uk,TEXT BOT,ai-lookup-login-gated,Gorgias,"Hi, I’m sorry you’re still waiting for your order. Please log in so we can check the latest status for you, and we’ll take a look as soon as you’re authenticated. Is there anything else you’d like help with? 🙂 Verify order details"
hardsoftcomputers.co.uk,NO BOT,not-probed,,
harlequinfloors.com,NO BOT,blocked-not-probed,,
harleystreetskinclinic.com,NO BOT,not-probed,,
harpercollins.co.uk,NO BOT,no-chat-widget,,
harrisdistillery.com,NO BOT,blocked-not-probed,,
harrisoncameras.co.uk,BUTTONS BOT,menu-only-no-freetext,,
harrysoflondon.com,TEXT BOT,canned-wait-time,Gorgias,Typically replies in a few minutes Harrys London Cu
harveymaria.com,NO BOT,not-probed,,
hayleymenzies.com,NO BOT,no-chat-widget,Zendesk,
haypigs.com,BUTTONS BOT,menu-only-no-freetext,,
hazchemsafety.com,TEXT BOT,no-response-human-queue,Tawk.to,
healeyscyder.co.uk,NO BOT,not-probed,,
healf.com,NO BOT,no-chat-widget,,
healthandher.com,NO BOT,other-reply,Chatra,"2 messages unsent, please introduce yourself Please introduce yourself to deliver your message. We will get back to you as soon as possible. Name"
heartmath.co.uk,NO BOT,not-probed,,
heckfood.co.uk,NO BOT,no-chat-widget,,
hedon.com,BUTTONS BOT,menu-only-no-freetext,Gorgias,
heights.com,BUTTONS BOT,menu-only-no-freetext,Gorgias,
heist-studios.com,NO BOT,blocked-not-probed,,
heldinourhearts.org.uk,NO BOT,not-probed,,
heliguy.com,NO BOT,not-probed,,
helloklean.com,TEXT BOT,ai-lookup-login-gated,Gorgias,"Hi, I can help with that. Please log in so we can check your latest order and tracking details. Verify order details"
hemingsworth.com,NO BOT,not-probed,,
henrypoole.com,NO BOT,not-probed,,
hereweflo.co,NO BOT,no-chat-widget,,
hermanoscoffeeroasters.com,NO BOT,no-chat-widget,,
heronfoods.com,NO BOT,not-probed,,
herringshoes.co.uk,NO BOT,no-chat-widget,,
hertilityhealth.com,NO BOT,not-probed,,
hetas.co.uk,NO BOT,not-probed,,
hhclinics.co.uk,NO BOT,not-probed,,
highstreettv.com,NO BOT,no-chat-widget,,
hillfarmfinest.com,NO BOT,no-chat-widget,,
hillier.co.uk,NO BOT,not-probed,,
hiplok.com,NO BOT,no-chat-widget,,
hippychick.com,NO BOT,not-probed,,
hirestreetuk.com,NO BOT,no-chat-widget,Zendesk,
hivemindmead.com,NO BOT,blocked-not-probed,,
hodmedods.co.uk,NO BOT,no-chat-widget,,
hoffmaninstitute.co.uk,NO BOT,not-probed,,
hollandcooper.com,BUTTONS BOT,prechat-form-gated,DigitalGenius,
hollowaysofludlow.com,BUTTONS BOT,menu-only-no-freetext,Gorgias,
holycurls.com,BUTTONS BOT,menu-only-no-freetext,,
holyrooddistillery.co.uk,NO BOT,not-probed,,
homehealth-uk.com,NO BOT,no-chat-widget,,
honestyforyourskin.co.uk,NO BOT,not-probed,,
honeypotfurniture.co.uk,TEXT BOT,ai-collects-then-escalates,Gorgias,"Thanks for your message, and sorry for the stress this is causing. I’m handing this over to a human agent so they can look up your order details and check the most accurate next steps for you. To help the team find your order, please leave the email address you used when placing the order. In the meantime, if you can, please share your order number and the first and last name and postcode used for the order, since the team may need that to locate it quickly. Leave us your email * Submit"
hoodrichuk.com,NO BOT,no-chat-widget,,
hopeandivy.co.uk,BUTTONS BOT,menu-only-no-freetext,Zendesk,
hortology.co.uk,BUTTONS BOT,menu-only-no-freetext,,
hotoctopuss.com,NO BOT,blocked-not-probed,,
hottubsrock.co.uk,NO BOT,no-chat-widget,,
houseof.com,BUTTONS BOT,menu-only-no-freetext,Gorgias,
houseofhackney.com,BUTTONS BOT,menu-only-no-freetext,Gorgias,
houseofsunny.com,NO BOT,no-chat-widget,,
howhighbrands.co.uk,NO BOT,not-probed,,
hoylesoxford.com,NO BOT,no-chat-widget,,
huel.com,NO BOT,no-chat-widget,Zendesk,
humanists.uk,NO BOT,not-probed,,
hunterandgatherfoods.com,TEXT BOT,ai-lookup-login-gated,Gorgias,"Hi, I’m sorry you’re waiting for your order. Please log in so we can check your latest order and tracking for you. Verify order details"
huntsmansavilerow.com,NO BOT,no-chat-widget,,
huntvintage.co,NO BOT,not-probed,,
hunzag.com,NO BOT,other-reply,Zendesk,"Got a question? Our customer care team is here to help. You can chat to us via Live Chat here, or alternatively you can reach us on Whatsapp via the 3 dots in the top right. You say: Sent · Just now Name 1 of 2 Next"
hydrajaws.co.uk,NO BOT,not-probed,,
hyloathletics.com,NO BOT,no-chat-widget,,
iceland.co.uk,NO BOT,not-probed,,
icklebubba.com,NO BOT,no-chat-widget,Freshchat,
iconlifesaver.com,BUTTONS BOT,menu-only-no-freetext,,
idency.com,NO BOT,not-probed,,
ifing.co.uk,NO BOT,not-probed,,
illumicrate.com,BUTTONS BOT,menu-only-no-freetext,,
impactfurniture.co.uk,NO BOT,not-probed,,
imperialcoaches.co.uk,NO BOT,not-probed,,
imperiallighting.co.uk,NO BOT,not-probed,,
impossibrew.co.uk,NO BOT,blocked-not-probed,,
indigenous.co.uk,NO BOT,not-probed,,
inkthreadable.co.uk,NO BOT,not-probed,,
inprintwetrust.co,NO BOT,no-chat-widget,,
inspiremyplay.com,NO BOT,no-chat-widget,,
invoco.net,NO BOT,not-probed,,
iolla.com,NO BOT,not-probed,,
ionicsystems.com,NO BOT,not-probed,,
ireneforteskincare.com,NO BOT,no-chat-widget,Gorgias;Tidio,
ironheart.co.uk,TEXT BOT,canned-wait-time,Gorgias,will be with you in a few minutes
isleofwightdistillery.com,NO BOT,no-chat-widget,,
ism.org,NO BOT,not-probed,,
ismash.com,NO BOT,no-chat-widget,,
iso-clean.co.uk,NO BOT,no-chat-widget,,
itluggage.com,BUTTONS BOT,menu-only-no-freetext,Gorgias,
itsnothouitsme.com,NO BOT,not-probed,,
jackandbeyond.com,BUTTONS BOT,menu-only-no-freetext,,
jackloc.com,NO BOT,not-probed,,
jadedldn.com,TEXT BOT,ai-lookup-login-gated,Gorgias,"Hi, I can help with that. Please log in so I can look up your order, or you can track it here: https://jadedldn.com/en-ar/pages/track-your-order 🙂 Verify order details"
jamesbushell.co.uk,NO BOT,not-probed,,
jandadrinks.co.uk,NO BOT,not-probed,,
janeausten.co.uk,NO BOT,no-chat-widget,,
javelinbipod.com,TEXT BOT,canned-wait-time,Intercom,Within 4 hours
jejoue.com,NO BOT,blocked-not-probed,,
jenki.co.uk,NO BOT,no-chat-widget,,
jennypackham.com,NO BOT,no-chat-widget,,
jerichowriters.com,NO BOT,no-chat-widget,,
jessicaflinn.co.uk,NO BOT,no-chat-widget,,
jessicamccormack.com,BUTTONS BOT,menu-only-no-freetext,Gorgias,
jewellerybox.co.uk,BUTTONS BOT,menu-only-no-freetext,Tawk.to,typically reply in a few minutes
jimandtonic.com,NO BOT,blocked-not-probed,,
jindesigns.com,NO BOT,no-chat-widget,,
jingtea.com,NO BOT,no-chat-widget,Zendesk,
jkattire.co.uk,NO BOT,no-chat-widget,,
jla.com,NO BOT,not-probed,,
jonathanlea.net,NO BOT,not-probed,,
joseph-holt.com,NO BOT,not-probed,,
josephjoseph.com,TEXT BOT,deflects-to-article,Zendesk,Was this helpful
joshwoodcolour.com,NO BOT,not-probed,,
jtpuk.co.uk,NO BOT,not-probed,,
juliancharles.co.uk,NO BOT,no-chat-widget,,
juliettesinteriors.co.uk,NO BOT,no-chat-widget,LiveChat,
justbeehoney.co.uk,NO BOT,other-reply,Richpanel,"Just Bee Help us with a few details First Name* Email* Please provide Email We'll reach out to you on this email if we get disconnected here. Start a chat with us By sending us a message, you agree to our privacy policy."
justfortummies.co.uk,NO BOT,no-chat-widget,,
justmylook.com,TEXT BOT,ai-lookup-login-gated,Gorgias,"Hi! I’m sorry, but I can’t view your order details until you’re logged in. Please sign in and then I can help check your order status right away 👍 Verify order details"
justpuddingbasins.co.uk,NO BOT,not-probed,,
jutebag.co.uk,NO BOT,not-probed,,
jwanderson.com,NO BOT,no-chat-widget,,
kaicolabs.com,NO BOT,no-chat-widget,,
kaicollective.com,NO BOT,no-chat-widget,,
katharinepooley.com,BUTTONS BOT,menu-only-no-freetext,,
katysuedesigns.com,NO BOT,no-chat-widget,,
kentbrushes.com,BUTTONS BOT,menu-only-no-freetext,Gorgias,
kerrysfresh.co.uk,NO BOT,no-chat-widget,,
kewlittlepigs.com,NO BOT,no-chat-widget,,
keysafe.co.uk,TEXT BOT,ai-lookup-login-gated,Gorgias,"Hi, I’m sorry, but we can’t view your order details until you log in. Please sign in so we can check the latest status for you 👍 Verify order details"
kickgame.co.uk,NO BOT,no-chat-widget,Re:amaze,
kiki.co.uk,NO BOT,no-chat-widget,Tidio,
killstar.com,NO BOT,no-chat-widget,Re:amaze,
kinetikwellbeing.com,NO BOT,not-probed,,
kirkandkirk.com,NO BOT,other-reply,LiveChat,Hello. How may I help you? Welcome to our service! How can we assist you today?
kitandkin.com,BUTTONS BOT,menu-only-no-freetext,Freshchat,
kite-flooring.com,NO BOT,no-chat-widget,,
kitristudio.com,NO BOT,no-chat-widget,,
knebworthhouse.com,NO BOT,not-probed,,
knight-fencing.co.uk,NO BOT,not-probed,,
knollgardens.co.uk,NO BOT,not-probed,,
kollohealth.com,NO BOT,no-chat-widget,Gorgias,
konditor.co.uk,BUTTONS BOT,menu-only-no-freetext,Gorgias,
krotosaudio.com,NO BOT,no-chat-widget,Zendesk,
la-z-boy.co.uk,NO BOT,not-probed,,
labtech.com,NO BOT,not-probed,,
ladyvlondon.com,NO BOT,no-chat-widget,,
lafromagerie.co.uk,NO BOT,no-chat-widget,,
laidbacklondon.com,NO BOT,no-chat-widget,,
lakeland.co.uk,NO BOT,no-chat-widget,,
lakesdistillery.com,NO BOT,blocked-not-probed,,
lansinoh.co.uk,NO BOT,no-chat-widget,Crisp,
lanxshoes.com,NO BOT,no-chat-widget,Gorgias,
larkandberry.com,NO BOT,no-chat-widget,,
laura-thomas.com,NO BOT,not-probed,,
laurenceking.com,NO BOT,no-chat-widget,,
laviniastamps.com,NO BOT,not-probed,,
lavishalice.com,BUTTONS BOT,prechat-form-gated,DigitalGenius,
lazyoaf.com,NO BOT,no-chat-widget,Intercom,
leatherrepaircompany.com,NO BOT,no-chat-widget,,
lechameau.com,NO BOT,no-chat-widget,Gorgias,
lecol.cc,TEXT BOT,ai-lookup-login-gated,Gorgias,"Hi, I’m sorry, but we cannot view your order status until you log in to your account. Please log in and we’ll check it for you right away. As AI, we’re trying to provide the first response and initial support, but if you need more help, you can ask to be transferred to a colleague by replying in this same chat 🙂 Verify order details"
leftovercurrency.com,NO BOT,not-probed,,
legalfutures.co.uk,NO BOT,not-probed,,
lemonadedolls.com,TEXT BOT,ai-lookup-login-gated,Gorgias,"Hi! Sorry you’re having trouble tracking your order 😕 To locate it, please log in so we can check your order details for you. Verify order details"
lemondeberyl.com,NO BOT,no-chat-widget,,
lenleys.co.uk,NO BOT,no-chat-widget,Tawk.to,
leon.co,NO BOT,not-probed,,
lestrangelondon.com,NO BOT,no-chat-widget,Redo,
letterfest.com,BUTTONS BOT,email-gate-to-human,Gorgias,"Letterfest Support Bot Leave us your email , Automated · Just now"
levelfivesupplies.com,NO BOT,not-probed,,
lewisreedgroup.co.uk,NO BOT,not-probed,,
lexxola.com,NO BOT,no-chat-widget,,
liforme.com,NO BOT,no-chat-widget,,
lightcentre.com,NO BOT,not-probed,,
lights4fun.co.uk,TEXT BOT,ai-lookup-login-gated,Gorgias,"I’m sorry you’re having trouble tracking your order. Please log in so we can access your order details and check the latest status for you. If you have already received a dispatch email, you can also track it using the courier link in that email, or use Evri: https://www.evri.com/track-a-parcel or DPD: https://track.dpd.co.uk/. If that still does not answer it, come back to us and we can help further 😊 Verify order details"
ligo.co.uk,NO BOT,no-chat-widget,,
lilyandroo.com,TEXT BOT,ai-lookup-login-gated,Gorgias;LiveChat,"Hi, I’m sorry, but I need you to log in so we can check your order status and tracking for you. Once you’re signed in, we’ll be able to look into it properly. Best Wishes Verify order details"
lilyarkwright.com,TEXT BOT,no-response-human-queue,Chatra,
lilycharmed.com,NO BOT,no-chat-widget,,
lilyskitchen.co.uk,BUTTONS BOT,menu-only-no-freetext,Zendesk,
linwoodfabric.com,NO BOT,no-chat-widget,,
linx-com.com,NO BOT,not-probed,,
liquidline.co.uk,NO BOT,not-probed,,
lisaslaw.co.uk,NO BOT,not-probed,,
little-lies.com,NO BOT,no-chat-widget,Gorgias,
littlebeausheep.com,NO BOT,not-probed,,
liverpoolmuseums.org.uk,NO BOT,not-probed,,
lizearlewellbeing.com,NO BOT,not-probed,,
ljsladiesboutique.co.uk,NO BOT,no-chat-widget,,
llfgames.com,NO BOT,no-chat-widget,,
lm-technologies.com,NO BOT,not-probed,,
lociwear.com,BUTTONS BOT,menu-only-no-freetext,Gorgias,
lockabox.com,NO BOT,no-chat-widget,,
lockertek.co.uk,NO BOT,not-probed,,
loddoncars.com,NO BOT,not-probed,,
lolaandblake.co.uk,NO BOT,not-probed,,
londonappdeveloper.com,NO BOT,not-probed,,
londonbasincompany.com,NO BOT,not-probed,,
londonlash.com,TEXT BOT,broken-ai-wrong-language,,"Athena London Lash 24/7 Assistant - Get instant help with products, orders, and training. Athena Olá! Como posso ajudá-lo hoje? You London Lash Agent May we know your first name please?"
londonsockcompany.com,BUTTONS BOT,menu-only-no-freetext,Gorgias,
longrakespar.co.uk,NO BOT,not-probed,,
lordsandlabradors.co.uk,NO BOT,no-chat-widget,Gorgias,
lounge.com,NO BOT,blocked-not-probed,,
louvolite.com,NO BOT,not-probed,,
lovebrand.com,NO BOT,no-chat-widget,,
lovecocoa.com,NO BOT,no-chat-widget,Gorgias,
lovehilltop.com,TEXT BOT,no-response-human-queue,Tawk.to,
luckysaint.co,NO BOT,no-chat-widget,,
lucyandyak.com,TEXT BOT,ai-lookup-login-gated,Gorgias,Hi! I can help with that. Please log in so we can access your order details and check the latest tracking for you 👍 Verify order details
lucybee.com,TEXT BOT,asks-for-order-details,Chatra,The team will reply as soon as possible. Please leave your name and email address so we can contact you if you go offline: Name
luluguinness.com,TEXT BOT,ai-lookup-login-gated,Gorgias,"Hi, I can help with that. Please log in so we can check your latest order status and tracking details. Best regards. Verify order details"
lumenalights.com,NO BOT,not-probed,,
lumitylife.co.uk,BUTTONS BOT,menu-only-no-freetext,Re:amaze,
luxurypromise.com,BUTTONS BOT,menu-only-no-freetext,Tidio,
lyleandscott.com,TEXT BOT,ai-lookup-login-gated,Gorgias,"Hi, thanks for getting in touch. We’d be happy to check your order status for you. Please log in so we can securely look up your order and share the latest update for you 😊 Verify order details"
lyma.life,BUTTONS BOT,menu-only-no-freetext,Gorgias,
macgregorandmacduff.co.uk,NO BOT,no-chat-widget,,
mackies.co.uk,NO BOT,not-probed,,
madabouthorror.co.uk,BUTTONS BOT,menu-only-no-freetext,,
maddoxgallery.com,NO BOT,no-chat-widget,Tidio,
madebymitchell.co.uk,NO BOT,no-chat-widget,,
maeving.com,NO BOT,no-chat-widget,,
magculture.com,NO BOT,blocked-not-probed,,
mahabis.com,NO BOT,no-chat-widget,Freshchat,
mahileather.com,NO BOT,no-chat-widget,,
mahrsurgical.co.uk,NO BOT,not-probed,,
maisonflaneur.com,NO BOT,no-chat-widget,,
maisonmirabeau.com,NO BOT,not-probed,,
makemesomethingspecial.com,NO BOT,not-probed,,
makerandson.com,NO BOT,blocked-not-probed,,
mallet.com,NO BOT,no-chat-widget,Tidio,
malonesouliers.com,NO BOT,no-chat-widget,Gorgias,
mamaowl.net,NO BOT,no-chat-widget,,
mamasandpapas.com,NO BOT,no-chat-widget,,
manandmachine.co.uk,NO BOT,not-probed,,
mandarinstone.com,NO BOT,not-probed,,
manieredevoir.com,NO BOT,no-chat-widget,Gorgias,
manorsgolf.com,TEXT BOT,ai-lookup-login-gated,Gorgias,"Hi, I can help with that. Please log in so we can look up your latest order and check the tracking for you. Verify order details"
manticgames.com,NO BOT,not-probed,,
marfastance.com,BUTTONS BOT,menu-only-no-freetext,,
margaretdabbs.co.uk,NO BOT,not-probed,,
margarethowell.co.uk,BUTTONS BOT,menu-only-no-freetext,Gorgias,
markgoodger.co.uk,NO BOT,not-probed,,
markhillhair.com,BUTTONS BOT,prechat-form-gated,,Send
marleybones.com,TEXT BOT,ai-lookup-login-gated,Gorgias,"Hi, sorry, I can’t check your order just yet because you’re not signed in. Please log in so we can look up your latest order and update you on where it is 👍 Verify order details"
marugame.co.uk,NO BOT,not-probed,,
marwell.org.uk,NO BOT,not-probed,,
mastersofwine.org,NO BOT,not-probed,,
mathmos.com,NO BOT,not-probed,,
mauvais.co.uk,NO BOT,no-chat-widget,,
maxview.co.uk,NO BOT,not-probed,,
meaco.com,NO BOT,no-chat-widget,,
meatex.co.uk,NO BOT,not-probed,,
meatsmokefire.co.uk,NO BOT,not-probed,,
mechboards.co.uk,NO BOT,no-chat-widget,Re:amaze,
medaco.co.uk,NO BOT,not-probed,,
medik8.com,BUTTONS BOT,menu-only-no-freetext,DigitalGenius,
medisave.co.uk,BUTTONS BOT,menu-only-no-freetext,Front,
melodymaison.co.uk,NO BOT,no-chat-widget,,
melonoptics.com,NO BOT,other-reply,Richpanel,"Melon Optics Help us with a few details First Name* Email* Please provide Email We'll reach out to you on this email if we get disconnected here. Start a chat with us By sending us a message, you agree to our privacy policy."
meltchocolates.com,NO BOT,other-reply,Help Scout,"To continue, please share your email address"
mend.org.uk,NO BOT,not-probed,,
mercedesamgf1.com,NO BOT,no-chat-widget,,
meresupplies.co.uk,NO BOT,not-probed,,
merlinunwin.co.uk,NO BOT,no-chat-widget,,
merwave.co.uk,NO BOT,no-chat-widget,,
message.org.uk,NO BOT,not-probed,,
metier.com,TEXT BOT,ai-no-lookup-escalates,Gorgias,wait time is greater than 15 minutes
mexican-mama.com,NO BOT,no-chat-widget,,
miatui.com,BUTTONS BOT,menu-only-no-freetext,,
milkyplant.com,NO BOT,no-chat-widget,,
millbryhill.co.uk,NO BOT,no-chat-widget,,
millerharris.com,BUTTONS BOT,menu-only-no-freetext,Gorgias,
minalima.com,NO BOT,not-probed,,
mindfuldesignconsulting.com,NO BOT,not-probed,,
mingalondon.com,NO BOT,no-chat-widget,,
minorfigures.com,TEXT BOT,ai-lookup-login-gated,Gorgias,"Hi, I can help with that. Please log in so I can check your order status and tracking for you. Verify order details"
mirrormirror.uk.com,NO BOT,not-probed,,
missmacaroon.co.uk,NO BOT,no-chat-widget,,
missoma.com,BUTTONS BOT,menu-only-no-freetext,DigitalGenius,
misspatina.com,NO BOT,no-chat-widget,,
missyempire.com,NO BOT,no-chat-widget,,
moasure.com,NO BOT,other-reply,LiveChat;Zendesk,Email 2 of 2 Send
mojudrinks.com,NO BOT,no-chat-widget,Gorgias,
moley.com,NO BOT,not-probed,,
mollymaid.co.uk,NO BOT,not-probed,,
mongoosepublishing.com,NO BOT,no-chat-widget,,
monmouthcoffee.co.uk,TEXT BOT,ai-no-lookup-escalates,Zendesk,Flo Customer Support Please update your info Chat started Flo joined the chat Flo hi there :) Flo is typing
montirex.com,BUTTONS BOT,prechat-form-gated,DigitalGenius,
moons.co.uk,NO BOT,not-probed,,
morleyglass.co.uk,NO BOT,no-chat-widget,,
morningsidegallery.co.uk,NO BOT,not-probed,,
motelrocks.com,BUTTONS BOT,prechat-form-gated,DigitalGenius,
mothdrinks.com,NO BOT,no-chat-widget,Re:amaze,
motion-impossible.com,NO BOT,not-probed,,
mous.co,NO BOT,no-chat-widget,,
movephysio.co.uk,NO BOT,not-probed,,
mowerpower.co.uk,NO BOT,no-chat-widget,,
mowglistreetfood.com,NO BOT,not-probed,,
mrbsemporium.com,NO BOT,not-probed,,
mrsalice.com,NO BOT,no-chat-widget,Gorgias,
mrswordsmith.com,BUTTONS BOT,menu-only-no-freetext,Gorgias,
mstrust.org.uk,NO BOT,not-probed,,
muc-off.com,NO BOT,no-chat-widget,Gorgias,
muckynutz.com,NO BOT,no-chat-widget,,
muddypuddles.com,TEXT BOT,ai-lookup-login-gated,Gorgias,"Hi, I can help with that. Please log in so we can look up your order and check its latest status for you. Once you’re logged in, we can confirm where it is and any tracking details. Verify order details"
murad.co.uk,NO BOT,no-chat-widget,Freshchat,
muraspec.com,NO BOT,not-probed,,
musclefood.com,BUTTONS BOT,menu-only-no-freetext,Gorgias,
musclesquad.com,BUTTONS BOT,menu-only-no-freetext,Gorgias,
musicradiocreative.com,NO BOT,no-chat-widget,,
musicstreet.co.uk,NO BOT,no-chat-widget,,
muzungusisters.com,NO BOT,no-chat-widget,,
mybaker.co,NO BOT,no-chat-widget,,
myclubgroup.com,NO BOT,not-probed,,
myddfai.com,NO BOT,not-probed,,
myexpertmidwife.com,BUTTONS BOT,menu-only-no-freetext,Gorgias,
myfabulosa.co.uk,NO BOT,no-chat-widget,,
myfacedr.com,NO BOT,no-chat-widget,Gorgias,
mygrubclub.com,NO BOT,no-chat-widget,Gorgias,
myoddballs.com,NO BOT,no-chat-widget,Gorgias,
mypetnutritionist.com,TEXT BOT,no-response-human-queue,LiveChat,
mysteryawaydays.co.uk,NO BOT,not-probed,,
nadeausauction.com,NO BOT,not-probed,,
nadinemerabi.com,NO BOT,no-chat-widget,Gorgias,
nailsinc.com,NO BOT,no-chat-widget,,
namsong.co.uk,NO BOT,not-probed,,
napiers.net,BUTTONS BOT,menu-only-no-freetext,Gorgias,
naturaldeoco.com,NO BOT,not-probed,,
naturalinstinct.com,BUTTONS BOT,menu-only-no-freetext,Gorgias,
naturalmat.co.uk,NO BOT,no-chat-widget,Gorgias,
naturewall.com,NO BOT,no-chat-widget,,
nauticalia.com,NO BOT,no-chat-widget,,
navygrey.co,NO BOT,no-chat-widget,,
nealsyardremedies.com,NO BOT,no-chat-widget,,
needleandthread.com,BUTTONS BOT,menu-only-no-freetext,Gorgias,
nellyduff.com,NO BOT,not-probed,,
neomwellbeing.com,NO BOT,no-chat-widget,Gorgias,
neptune.com,TEXT BOT,no-response-human-queue,Tawk.to,
neutonic.com,NO BOT,no-chat-widget,,
neverfullydressed.com,TEXT BOT,no-response-human-queue,,check out our help
newandlingwood.com,NO BOT,no-chat-widget,,
newforestclothing.co.uk,NO BOT,no-chat-widget,Gorgias,
newgateworld.com,NO BOT,no-chat-widget,,
nickyclarke.com,NO BOT,not-probed,,
nikura.com,NO BOT,no-chat-widget,Gorgias,
nikwax.com,NO BOT,not-probed,,
nimh.org.uk,NO BOT,not-probed,,
nkuku.com,NO BOT,no-chat-widget,,
noah.co.uk,NO BOT,not-probed,,
nobodyschild.com,NO BOT,no-chat-widget,,
nomadtravel.co.uk,NO BOT,not-probed,,
northfieldfarm.com,NO BOT,not-probed,,
nosycrow.com,NO BOT,not-probed,,
notanotherbunchofflowers.com,NO BOT,not-probed,,
notion.online,NO BOT,not-probed,,
npeal.com,TEXT BOT,no-response-human-queue,Zendesk,
nras.org.uk,NO BOT,not-probed,,
nrbyclothing.com,NO BOT,no-chat-widget,,
nu-heat.co.uk,NO BOT,no-chat-widget,,
nubianskin.com,NO BOT,blocked-not-probed,,
nuhrhome.com,NO BOT,other-reply,Re:amaze,Not Sent Yet We just need some more information from you to proceed: Name Email Send
numerisfootwear.com,NO BOT,no-chat-widget,Gorgias,
nurecover.com,NO BOT,no-chat-widget,Richpanel,
nutratea.co.uk,NO BOT,no-chat-widget,Tidio,
nutri-paw.com,NO BOT,no-chat-widget,,
nutritiongeeks.co,NO BOT,no-chat-widget,,
nyetimber.com,NO BOT,not-probed,,
o-mills.co.uk,NO BOT,not-probed,,
oceanbottle.co,BUTTONS BOT,menu-only-no-freetext,,
oceanographicmagazine.com,NO BOT,no-chat-widget,,
ocushield.com,NO BOT,no-chat-widget,,
oddmuse.co.uk,NO BOT,no-chat-widget,Gorgias,
odysea.com,NO BOT,not-probed,,
ogkicks.uk,NO BOT,no-chat-widget,,
ohpolly.com,TEXT BOT,ai-lookup-login-gated,Ada,"4 unread messages --- End Chat Message from Oh Polly Virtual Assistant: Hello! I’m Polly, your Virtual Assistant. I recommend logging into your account for a faster, more efficient experience 👇 Message from you: Login here How can I help you today? Thinking... How can I help you today?"
oka.com,NO BOT,no-chat-widget,,
olivercompanylondon.com,BUTTONS BOT,menu-only-no-freetext,Gorgias,
oliversmount.com,NO BOT,no-chat-widget,,
oliverspencer.co.uk,BUTTONS BOT,menu-only-no-freetext,Gorgias,
oliviarubinlondon.com,BUTTONS BOT,menu-only-no-freetext,Gorgias,
olivias.com,NO BOT,no-chat-widget,,
oliviavonhalle.com,BUTTONS BOT,menu-only-no-freetext,Chatra,
omfif.org,NO BOT,not-probed,,
omnes.com,NO BOT,no-chat-widget,,
omni.pet,NO BOT,no-chat-widget,Gorgias,
one-sports-warehouse.com,BUTTONS BOT,menu-only-no-freetext,,
onegreenbottle.com,NO BOT,not-probed,,
oneliving.com,NO BOT,no-chat-widget,,
oneworld-publications.com,NO BOT,not-probed,,
onlycurls.com,BUTTONS BOT,menu-only-no-freetext,Gorgias,
oosc-clothing.com,TEXT BOT,ai-lookup-login-gated,Gorgias,Hi! I can help with that. Please log in so we can check your order status and tracking for you 👍 Verify order details
openbionics.com,NO BOT,not-probed,,
operabeds.com,BUTTONS BOT,prechat-form-gated,LiveChat,
opmakeup.com,NO BOT,no-chat-widget,,
opro.com,TEXT BOT,ai-lookup-login-gated,Gorgias,"Hi, I can help with that. Please log in so I can check your order details and tracking for you. Verify order details"
optonline.net,NO BOT,not-probed,,
oralift.com,NO BOT,not-probed,,
orangeamps.com,NO BOT,no-chat-widget,,
orangecounty-cbd.com,BUTTONS BOT,menu-only-no-freetext,Tidio,
origincoffee.co.uk,TEXT BOT,ai-lookup-login-gated,Gorgias,"Hi, I can help with that. Please log in so we can look up your latest order and check its status. Verify order details"
origineffects.com,NO BOT,not-probed,,
orlakiely.com,NO BOT,no-chat-widget,Zendesk,
orlebarbrown.com,TEXT BOT,ai-lookup-login-gated,Gorgias,"Hello, I’m sorry for the trouble finding your order. Please log in so we can look up your latest order and check its status for you. Verify order details"
ormondejayne.com,NO BOT,no-chat-widget,Gorgias,
oschaslings.com,TEXT BOT,ai-lookup-login-gated,Gorgias,"Hi, I’m Oscha’s AI assistant. I’ll help with this and, if needed, make sure it gets to a person so you are not stuck going in circles. I can help track this down, but I need you to log in first so we can see your order details. Verify order details"
osmouk.com,NO BOT,not-probed,,
ottersurfboards.co.uk,NO BOT,no-chat-widget,,
ottolenghi.co.uk,NO BOT,no-chat-widget,,
overlander.co.uk,NO BOT,not-probed,,
oxforddiecast.co.uk,NO BOT,no-chat-widget,,
ozonecoffee.co.uk,NO BOT,no-chat-widget,,
paiskincare.com,NO BOT,other-reply,Zendesk,Hi! Please enter your details and let us know how we can help! You say: Sent · Just now Name 1 of 4 Next
pand.co,BUTTONS BOT,menu-only-no-freetext,Gorgias,48 Hour Reply
pandamed.co.uk,NO BOT,not-probed,,
pantsandsocks.com,TEXT BOT,ai-lookup-login-gated,Gorgias,I can help with that. Please log in so we can check your order status for you 🙂 Verify order details
paolomoschino.com,NO BOT,no-chat-widget,,
papadeli.co.uk,NO BOT,not-probed,,
paperhigh.com,NO BOT,not-probed,,
parajet.com,NO BOT,not-probed,,
partylights.co.uk,NO BOT,not-probed,,
passenger-clothing.com,BUTTONS BOT,menu-only-no-freetext,Dixa,
pastaevangelists.com,BUTTONS BOT,menu-only-no-freetext,Dixa,
patrolstore.com,NO BOT,no-chat-widget,,
pauledmonds.com,NO BOT,no-chat-widget,,
pavers.co.uk,NO BOT,no-chat-widget,,
pavpub.com,NO BOT,not-probed,,
paxtonandwhitfield.co.uk,NO BOT,no-chat-widget,,
peachyden.co.uk,BUTTONS BOT,menu-only-no-freetext,Gorgias,
peaksensors.com,NO BOT,not-probed,,
peggyporschen.com,NO BOT,no-chat-widget,,
penguin.co.uk,NO BOT,no-chat-widget,,
pennymorrison.com,NO BOT,no-chat-widget,,
percivalclo.com,NO BOT,no-chat-widget,,
perfectted.com,TEXT BOT,ai-lookup-login-gated,Gorgias,"Hi, I can help with that. Please log in so we can look up your order and check the latest tracking for you. Verify order details"
perfumerh.com,NO BOT,no-chat-widget,,
perkypear.com,NO BOT,blocked-not-probed,,
pestcontroldirect.co.uk,NO BOT,not-probed,,
petslovefresh.com,TEXT BOT,ai-lookup-login-gated,Gorgias,"Hi, I’m sorry, but I can’t view your order details until you log in. Please sign in so we can check the status and tracking for you right away. Verify order details"
pettech.co.uk,NO BOT,no-chat-widget,,
phaidon.com,NO BOT,no-chat-widget,,
pharmacyplushealth.co.uk,NO BOT,not-probed,,
phoebephilo.com,BUTTONS BOT,menu-only-no-freetext,Gorgias,
phoenix-uk.co.uk,NO BOT,not-probed,,
phonesurgeryonline.co.uk,NO BOT,not-probed,,
picante.shop,NO BOT,no-chat-widget,Gorgias,
pictureperfecthome.co.uk,NO BOT,no-chat-widget,Zendesk,
piddlepatch.com,NO BOT,no-chat-widget,,
pieceofcakemarketing.co.uk,NO BOT,not-probed,,
pigletinbed.com,TEXT BOT,ai-lookup-login-gated,Gorgias,"Hi, I’m sorry, but I can’t see your order details just yet. Please log in so we can check the latest update for you. Verify order details"
pigletspantry.co.uk,NO BOT,not-probed,,
pinchdesign.com,NO BOT,no-chat-widget,,
pingpod.com,NO BOT,not-probed,,
pinkboutique.co.uk,NO BOT,no-chat-widget,,
pinter.co.uk,BUTTONS BOT,menu-only-no-freetext,Gorgias,
pipdecks.com,NO BOT,no-chat-widget,,
pithandstem.com,NO BOT,not-probed,,
plandstainless.co.uk,NO BOT,not-probed,,
planetorganic.com,NO BOT,no-chat-widget,,
planetx.co.uk,NO BOT,no-chat-widget,,
plankhardware.com,NO BOT,no-chat-widget,,
platohire.co.uk,NO BOT,not-probed,,
plutobooks.com,NO BOT,not-probed,,
podgypaws.co.uk,NO BOT,not-probed,,
poetrysociety.org.uk,NO BOT,not-probed,,
polejunkie.com,NO BOT,blocked-not-probed,,
pompomlondon.com,BUTTONS BOT,menu-only-no-freetext,Gorgias,
pongcheese.co.uk,NO BOT,no-chat-widget,,
pooky.com,BUTTONS BOT,menu-only-no-freetext,Gorgias,
popcornshed.com,NO BOT,no-chat-widget,,
poppyspicnic.co.uk,TEXT BOT,no-response-human-queue,Intercom,
portaromana.com,NO BOT,no-chat-widget,,
potterycrafts.co.uk,NO BOT,no-chat-widget,,
poundland.co.uk,NO BOT,no-chat-widget,,
poundstretcher.co.uk,NO BOT,no-chat-widget,,
ppss-group.com,NO BOT,not-probed,,
pracbrown.co.uk,NO BOT,not-probed,,
precision-ceramics.com,NO BOT,no-chat-widget,,
precision-devices.com,NO BOT,not-probed,,
premierequine.co.uk,NO BOT,no-chat-widget,,
premiumsound.co.uk,NO BOT,not-probed,,
press-london.com,NO BOT,other-reply,Freshchat,"Thank you! Have you placed an order with us, Guest? (Please select from the drop down menu)."
prettyyoulondon.com,NO BOT,no-chat-widget,Redo,
prhome.co.uk,NO BOT,not-probed,,
prideandpinion.com,NO BOT,no-chat-widget,,
primalstrength.com,NO BOT,no-chat-widget,Zendesk,
pringlescotland.com,NO BOT,no-chat-widget,,
print.work,NO BOT,not-probed,,
printclublondon.com,NO BOT,not-probed,,
privatewhitevc.com,TEXT BOT,ai-lookup-login-gated,Gorgias;Zendesk,I can help with that. Please log in so we can check your order status and tracking for you. Verify order details
pro-hormones.co.uk,NO BOT,no-chat-widget,,
probomedical.co.uk,NO BOT,not-probed,,
prodograw.com,NO BOT,no-chat-widget,,
professorpuzzle.com,NO BOT,not-probed,,
profilebooks.com,NO BOT,not-probed,,
progressiveparts.com,NO BOT,not-probed,,
progressjj.co.uk,NO BOT,no-chat-widget,,
promenademusic.co.uk,NO BOT,not-probed,,
prontodirect.co.uk,NO BOT,not-probed,,
protect-mypet.com,NO BOT,not-probed,,
protectapet.com,NO BOT,no-chat-widget,,
proteinpackage.co.uk,TEXT BOT,no-response-human-queue,,
provizsports.com,NO BOT,no-chat-widget,Gorgias,
prya.co.uk,BUTTONS BOT,menu-only-no-freetext,,
psp.uk.com,NO BOT,not-probed,,
psyclelondon.com,NO BOT,no-chat-widget,,
puckstop.com,NO BOT,no-chat-widget,,
purdyandfigg.com,NO BOT,no-chat-widget,,
purechemistrylingerie.com,NO BOT,not-probed,,
purejewels.com,BUTTONS BOT,menu-only-no-freetext,Tawk.to,typically reply in a few minutes
purenails.co.uk,NO BOT,no-chat-widget,Redo,
pureseoul.co.uk,NO BOT,no-chat-widget,,
purespauk.com,TEXT BOT,no-response-human-queue,Tawk.to,
puresport.co,NO BOT,no-chat-widget,,
pushkinpress.com,NO BOT,not-probed,,
puttout.golf,NO BOT,no-chat-widget,,
quatrogymnastics.com,NO BOT,no-chat-widget,,
quickblock.uk,NO BOT,not-probed,,
quoc.cc,TEXT BOT,ai-lookup-login-gated,Gorgias,"Hi, I can help with that. Please log in so I can check your latest order status and tracking. Verify order details"
racetorx.co.uk,NO BOT,no-chat-widget,,
rachaelskitchen.co.uk,NO BOT,not-probed,,
radleys.com,NO BOT,no-chat-widget,,
ragdalehall.co.uk,NO BOT,not-probed,,
railadvent.co.uk,NO BOT,not-probed,,
raisingrobots.com,NO BOT,not-probed,,
rareteacompany.com,NO BOT,no-chat-widget,,
ratstands.com,NO BOT,not-probed,,
ravecoffee.co.uk,BUTTONS BOT,menu-only-no-freetext,Gorgias,
ravenforge.com,NO BOT,blocked-not-probed,,
raycom.co.uk,NO BOT,not-probed,,
razzanj.com,NO BOT,not-probed,,
rdxsports.com,NO BOT,not-probed,,
reaktionbooks.co.uk,NO BOT,not-probed,,
reboxed.co,BUTTONS BOT,menu-only-no-freetext,,
redemptionroasters.com,NO BOT,no-chat-widget,,
redrockgames.co.uk,NO BOT,not-probed,,
reedfamilylinen.com,NO BOT,not-probed,,
refybeauty.com,BUTTONS BOT,menu-only-no-freetext,Gorgias,
regalrose.co.uk,NO BOT,no-chat-widget,,
regulation.co.uk,NO BOT,blocked-not-probed,,
rehook.bike,NO BOT,no-chat-widget,,
reidbikes.com,NO BOT,no-chat-widget,,
rejinapyo.com,NO BOT,no-chat-widget,,
reliked.com,NO BOT,no-chat-widget,,
relish-life.com,TEXT BOT,ai-lookup-login-gated,Gorgias,"I’m sorry, I can’t see your order details just yet. Please log in so I can check your order status and tracking for you. Verify order details"
renegadebrewery.co.uk,NO BOT,not-probed,,
reptilecentre.com,NO BOT,no-chat-widget,,
restingpets.co.uk,NO BOT,not-probed,,
restrap.com,BUTTONS BOT,menu-only-no-freetext,Zendesk,
revivalvintage.co.uk,NO BOT,no-chat-widget,Redo,
revolution.co.uk,NO BOT,not-probed,,
revolutionbeauty.com,NO BOT,no-chat-widget,,
rewiresecurity.co.uk,NO BOT,not-probed,,
rflandscapeproducts.co.uk,NO BOT,no-chat-widget,Tidio,
rhealsuperfoods.com,BUTTONS BOT,menu-only-no-freetext,Gorgias,
rhinobds.co.uk,NO BOT,not-probed,,
rickstein.com,NO BOT,not-probed,,
ridgemonkey.co.uk,NO BOT,not-probed,,
riseandfall.co,NO BOT,no-chat-widget,Richpanel,
ritelite.co.uk,NO BOT,not-probed,,
roandzo.com,NO BOT,no-chat-widget,Gorgias,
robertwelch.com,NO BOT,other-reply,Re:amaze,Not Sent Yet We just need some more information from you to proceed: Name Email Send
rockettstgeorge.co.uk,NO BOT,no-chat-widget,Redo,
roebuckestates.co.uk,NO BOT,no-chat-widget,,
rokalondon.com,TEXT BOT,ai-lookup-login-gated,Gorgias,"Hello, I can help with that. Please log in so we can check your order status for you. Verify order details"
roksanda.com,NO BOT,no-chat-widget,,
rolandmouret.com,NO BOT,no-chat-widget,,
rolexwatchtrader.co.uk,NO BOT,not-probed,,
rollandplaypress.com,NO BOT,no-chat-widget,,
rollingcenter.co.uk,NO BOT,not-probed,,
ronhill.com,NO BOT,no-chat-widget,,
roobba.com,NO BOT,no-chat-widget,,
roofglaze.co.uk,NO BOT,not-probed,,
rosehill.co.uk,NO BOT,not-probed,,
rosetone.co.uk,NO BOT,not-probed,,
rotarywatches.com,NO BOT,no-chat-widget,,
rothkoandfrost.com,NO BOT,no-chat-widget,,
roughtrade.com,NO BOT,not-probed,,
routeone.co.uk,TEXT BOT,canned-wait-time,Gorgias,Typically replies in a few minutes Thanks for reach
rover.com,NO BOT,not-probed,,
rowebb.com,NO BOT,not-probed,,
rowenhomes.com,NO BOT,no-chat-widget,,
royal-needlework.org.uk,NO BOT,no-chat-widget,,
royalballetschool.org.uk,NO BOT,no-chat-widget,,
royalcrownderby.co.uk,NO BOT,not-probed,,
royce-lingerie.co.uk,NO BOT,not-probed,,
royensoc.co.uk,BUTTONS BOT,prechat-form-gated,,
rubberroofingdirect.co.uk,NO BOT,not-probed,,
rudehealth.com,NO BOT,no-chat-widget,,
rules.co.uk,NO BOT,not-probed,,
run4it.com,NO BOT,no-chat-widget,,
runderwear.com,NO BOT,no-chat-widget,,
rupertsanderson.com,TEXT BOT,no-response-human-queue,Zendesk,
rylandpeters.com,NO BOT,no-chat-widget,,
s4sdental.com,NO BOT,no-chat-widget,,
sabeny.com,NO BOT,not-probed,,
sablelabs.co,BUTTONS BOT,menu-only-no-freetext,,
saebo.com,NO BOT,not-probed,,
safiro.com,NO BOT,not-probed,,
sailshadesdirect.co.uk,NO BOT,not-probed,,
saladproject.co.uk,NO BOT,no-chat-widget,,
salonequipmentcentre.co.uk,BUTTONS BOT,menu-only-no-freetext,Tawk.to,typically reply in a few minutes
saloniworld.com,NO BOT,no-chat-widget,,
salonsupplies.co.uk,TEXT BOT,ai-lookup-login-gated,Gorgias,"Hi, I can help with that. Please log in so we can check your order status and tracking details for you. Verify order details"
sammcknight.com,NO BOT,no-chat-widget,,
sanremouk.com,NO BOT,not-probed,,
sassiholford.com,NO BOT,not-probed,,
sassysaints.com,BUTTONS BOT,menu-only-no-freetext,Gorgias,
sauceshop.co,BUTTONS BOT,menu-only-no-freetext,Gorgias,
sausageman.co.uk,NO BOT,not-probed,,
savernakeknives.co.uk,NO BOT,not-probed,,
savetherhino.org,NO BOT,not-probed,,
savoirbeds.com,BUTTONS BOT,menu-only-no-freetext,LiveChat,
sayitwith.com,NO BOT,no-chat-widget,,
sbdapparel.com,TEXT BOT,no-response-human-queue,Zendesk,
scampanddude.com,BUTTONS BOT,menu-only-no-freetext,Gorgias,
scandikitchen.co.uk,NO BOT,not-probed,,
scaramangashop.co.uk,TEXT BOT,no-response-human-queue,Zendesk,
scentstore.com,NO BOT,not-probed,,
scooms.com,NO BOT,no-chat-widget,,
scottbrothersbutchers.co.uk,NO BOT,not-probed,,
scottish-gallery.co.uk,NO BOT,not-probed,,
scottishwildlifetrust.org.uk,NO BOT,not-probed,,
screamingfrog.co.uk,NO BOT,not-probed,,
screampretty.com,NO BOT,no-chat-widget,,
scribbler.com,NO BOT,no-chat-widget,Intercom,
scrumbles.co.uk,BUTTONS BOT,menu-only-no-freetext,Intercom,
sea-band.com,NO BOT,no-chat-widget,,
seafreshuk.com,NO BOT,not-probed,,
sealskinz.com,BUTTONS BOT,menu-only-no-freetext,Gorgias,
seamagik.com,TEXT BOT,no-response-human-queue,,
seastarsuperbikes.co.uk,NO BOT,not-probed,,
securikey.co.uk,NO BOT,not-probed,,
seggiano.com,NO BOT,no-chat-widget,,
selections.com,NO BOT,no-chat-widget,,
sense.org.uk,NO BOT,not-probed,,
sentricsafetygroup.com,NO BOT,not-probed,,
serenbooks.com,NO BOT,blocked-not-probed,,
sergedenimes.com,NO BOT,no-chat-widget,Gorgias,
sevenbro7hers.com,NO BOT,no-chat-widget,,
sewoverit.com,NO BOT,no-chat-widget,,
shades-blinds.co.uk,NO BOT,not-probed,,
shadowfoam.com,NO BOT,no-chat-widget,Tidio,
shakethatweight.co.uk,NO BOT,not-probed,,
sheepinc.com,NO BOT,no-chat-widget,,
sheilafleet.com,NO BOT,no-chat-widget,,
shepheardwalwyn.com,NO BOT,not-probed,,
sherlock-holmes.co.uk,NO BOT,not-probed,,
shiresequestrian.com,TEXT BOT,asks-for-order-details,Gorgias,"Hello, I can check that for you. Please send your order number using digits only, for example 1001."
shirtframingservice.co.uk,NO BOT,not-probed,,
shootblue.tv,NO BOT,not-probed,,
shopcircle.co,NO BOT,no-chat-widget,Freshchat,
shoreusable.com,NO BOT,no-chat-widget,,
shotscope.com,NO BOT,not-probed,,
showerpowerbooster.co.uk,NO BOT,not-probed,,
siegestudios.co.uk,NO BOT,not-probed,,
signals.uk.com,NO BOT,not-probed,,
signofthetimeslondon.com,NO BOT,no-chat-widget,,
siksilk.com,BUTTONS BOT,menu-only-no-freetext,Gorgias,
simbasleep.com,BUTTONS BOT,menu-only-no-freetext,Zendesk,
simmi.com,NO BOT,no-chat-widget,,
simplylockers.co.uk,NO BOT,not-probed,,
simplymedicals.co.uk,NO BOT,not-probed,,
singgin.com,NO BOT,not-probed,,
sipchampagnes.com,BUTTONS BOT,menu-only-no-freetext,,
sipsmith.com,NO BOT,no-chat-widget,,
sirri.co.uk,NO BOT,no-chat-widget,,
sisterjane.com,NO BOT,no-chat-widget,,
sixstories.co.uk,NO BOT,no-chat-widget,Gorgias,
skates.co.uk,NO BOT,no-chat-widget,Gorgias;Richpanel;Zendesk,
skerryvore.com,NO BOT,not-probed,,
skincupid.co.uk,BUTTONS BOT,menu-only-no-freetext,Gorgias,
skinnydiplondon.com,NO BOT,no-chat-widget,Zendesk,
skinrocks.com,TEXT BOT,ai-lookup-login-gated,Gorgias,"Hi, I’m sorry you’re having trouble checking your order. Please log in so we can look up your latest order and give you an update 🙂 Verify order details"
skyecandles.co.uk,NO BOT,no-chat-widget,,
slickgorilla.co.uk,NO BOT,no-chat-widget,Gorgias,
smarter.am,BUTTONS BOT,prechat-form-gated,,
smiffys.com,BUTTONS BOT,menu-only-no-freetext,Re:amaze,
smithandwollensky.co.uk,NO BOT,not-probed,,
smithscoffee.co.uk,NO BOT,not-probed,,
smokin-brothers.com,NO BOT,no-chat-widget,,
smoko.com,NO BOT,blocked-not-probed,,
snackfully.co.uk,TEXT BOT,ai-no-lookup-escalates,Gorgias,wait time is greater than 15 minutes
sneakenergy.com,TEXT BOT,ai-lookup-login-gated,Gorgias,"Hi, I’m sorry, but I can’t see your order details yet. Please log in so we can check your latest order status and tracking for you 👍 Verify order details"
snootyfrox.co.uk,NO BOT,not-probed,,
snuggy.com,NO BOT,no-chat-widget,,
soakandsleep.com,TEXT BOT,ai-lookup-login-gated,Gorgias,"Hello, I’m sorry, I’m not able to view your order just yet. Please log in and then share your order number, the first and last name used on the order, and the email address used to place it so we can check this for you. Verify order details"
sog.org.uk,NO BOT,no-chat-widget,,
solarsunshades.co.uk,NO BOT,not-probed,,
somethingandnothing.co,BUTTONS BOT,menu-only-no-freetext,Intercom,
sonofastag.com,NO BOT,no-chat-widget,Gorgias,
sons.co.uk,BUTTONS BOT,prechat-form-gated,DigitalGenius,
sophieallport.com,NO BOT,no-chat-widget,,
sorbus-intl.co.uk,NO BOT,not-probed,,
sorelleuk.com,NO BOT,no-chat-widget,,
soulcap.com,NO BOT,no-chat-widget,,
soundgas.com,NO BOT,no-chat-widget,,
soundingbowls.com,NO BOT,not-probed,,
soundleisure.com,NO BOT,not-probed,,
sourcebmx.com,BUTTONS BOT,menu-only-no-freetext,Gorgias,
souschef.co.uk,BUTTONS BOT,menu-only-no-freetext,Gorgias,
southdevonchillifarm.co.uk,NO BOT,no-chat-widget,,
southlondongallery.org,NO BOT,not-probed,,
sparkle.lighting,NO BOT,no-chat-widget,,
specialisedcovers.com,NO BOT,not-probed,,
speedo.com,NO BOT,no-chat-widget,,
speedstitch.co.uk,NO BOT,not-probed,,
speyfruit.co.uk,NO BOT,not-probed,,
spiritofwales.com,NO BOT,not-probed,,
spitfireaudio.com,NO BOT,not-probed,,
splatdecoratingsupplies.co.uk,NO BOT,not-probed,,
spoke-london.com,NO BOT,other-reply,Dixa,Let’s get started with your information Your name (Required) Your e-mail (Required) Required Continue
sportaberdeen.co.uk,NO BOT,not-probed,,
springfit.org,NO BOT,not-probed,,
st-eval.com,NO BOT,no-chat-widget,,
stairfurb.co.uk,NO BOT,not-probed,,
startwithovum.com,NO BOT,no-chat-widget,,
status.co.uk,NO BOT,not-probed,,
steamforged.com,NO BOT,no-chat-widget,Gorgias,
steinsfoods.com,NO BOT,no-chat-widget,,
stephenwebster.com,NO BOT,no-chat-widget,,
sterlingmint.co.uk,NO BOT,not-probed,,
stickandribbon.com,NO BOT,not-probed,,
stjohnrestaurant.com,NO BOT,no-chat-widget,,
stlpartners.com,NO BOT,not-probed,,
stockedfood.com,NO BOT,no-chat-widget,Gorgias,
stocksigns.co.uk,NO BOT,not-probed,,
stolengoat.com,NO BOT,not-probed,,
stoltrunning.com,NO BOT,not-probed,,
storiesflooring.co.uk,NO BOT,no-chat-widget,Tidio,
stormwatches.com,BUTTONS BOT,menu-only-no-freetext,,
storyhouseegmont.co.uk,NO BOT,not-probed,,
storymfg.com,NO BOT,no-chat-widget,Gorgias,
strataproducts.co.uk,NO BOT,not-probed,,
strathberry.com,NO BOT,no-chat-widget,Gorgias,
streetgarm.com,NO BOT,not-probed,,
strengthandconditioningeducation.com,BUTTONS BOT,menu-only-no-freetext,Tawk.to,typically reply in a few minutes
stripeandstare.com,NO BOT,blocked-not-probed,,
strodepark.org.uk,NO BOT,not-probed,,
stroke.org.uk,NO BOT,not-probed,,
stuartslondon.com,BUTTONS BOT,menu-only-no-freetext,,
stubbingsnursery.co.uk,NO BOT,not-probed,,
styrkr.com,NO BOT,no-chat-widget,,
sugarsin.co.uk,BUTTONS BOT,menu-only-no-freetext,,
sunnamusk.com,TEXT BOT,other-reply,Zendesk,"Sunnamusk's AI Agent Hello, welcome to Sunnamusk. How can I assist you with your order, shipping, returns, or any other enquiry today? You say: Sent · Just now Sunnamusk's AI Agent I’m sorry your order hasn’t arrived 😔 Let’s get this sorted quickly for you. Can you tell me which country you placed your order from? United Kingdom France Germany Netherlands Sweden"
sunspel.com,TEXT BOT,no-response-human-queue,Freshchat,
supakit.co,NO BOT,no-chat-widget,,
suresafe.co.uk,NO BOT,no-chat-widget,,
surescreen.com,NO BOT,not-probed,,
susancaplan.co.uk,BUTTONS BOT,menu-only-no-freetext,,
sussexbeds.co.uk,NO BOT,not-probed,,
sustainable-furniture.co.uk,NO BOT,not-probed,,
swaggerandjacks.com,NO BOT,no-chat-widget,,
swaledale.co.uk,TEXT BOT,no-response-human-queue,Zendesk,
swayhairextensions.com,NO BOT,no-chat-widget,,
swaz.co.uk,NO BOT,no-chat-widget,,
sweatband.com,NO BOT,no-chat-widget,,
sweettreebybrowns.co.uk,NO BOT,no-chat-widget,,
swiftyscooters.com,NO BOT,no-chat-widget,,
swisstimepieces.co.uk,NO BOT,not-probed,,
swytchbike.com,NO BOT,not-probed,,
symprove.com,BUTTONS BOT,menu-only-no-freetext,Gorgias,
tabilo.co.uk,NO BOT,not-probed,,
tabletennisengland.co.uk,NO BOT,not-probed,,
talkingheadsets.co.uk,NO BOT,not-probed,,
tangleangel.com,NO BOT,no-chat-widget,,
tangleteezer.com,TEXT BOT,ai-lookup-login-gated,Gorgias;Zendesk,"Hi, I can help with that. Please log in so we can look up your latest order and check its status for you 🙂 Verify order details"
tatamifightwear.com,NO BOT,no-chat-widget,,
tateossian.com,NO BOT,no-chat-widget,,
tattilashes.com,NO BOT,no-chat-widget,,
tcpi.eu,NO BOT,no-chat-widget,,
tcsjohnhuxley.com,NO BOT,not-probed,,
teamgrassroots.co.uk,NO BOT,not-probed,,
teapeople.co.uk,BUTTONS BOT,menu-only-no-freetext,,
tech21.com,NO BOT,no-chat-widget,,
tedtodd.co.uk,NO BOT,not-probed,,
tegenaccessories.co.uk,NO BOT,no-chat-widget,,
temperleylondon.com,BUTTONS BOT,menu-only-no-freetext,Gorgias,
tentbox.com,NO BOT,no-chat-widget,,
terra-nova.co.uk,NO BOT,not-probed,,
terrysfabrics.co.uk,TEXT BOT,asks-for-order-details,Zendesk,"You say: Sent · Just now No probelm. So I can look up your order, please enter the email address you used to place your order. Do you have this? Yes 👍 No 👎"
thatcherscider.co.uk,NO BOT,not-probed,,
the-rugs.com,NO BOT,no-chat-widget,,
theautoimmunitynutritionist.com,NO BOT,no-chat-widget,,
thebeautycrop.com,NO BOT,no-chat-widget,,
thebettermenopause.com,TEXT BOT,ai-lookup-login-gated,Gorgias,"Hi, I’m sorry, I can’t look up your order just yet because you’re not logged in. Please sign in so we can check your order status for you. Verify order details"
thebiscuitfactory.com,NO BOT,not-probed,,
theblackcabcoffeeco.com,NO BOT,not-probed,,
theblacklock.com,NO BOT,not-probed,,
thebmc.co.uk,NO BOT,not-probed,,
thebodyshop.com,BUTTONS BOT,menu-only-no-freetext,Gorgias;Zendesk,
thebritishblanketcompany.com,NO BOT,no-chat-widget,Gorgias,
thebumptobabychapter.co.uk,NO BOT,not-probed,,
thebyte9.com,NO BOT,not-probed,,
thecashroom.co.uk,NO BOT,not-probed,,
thecheesesociety.co.uk,NO BOT,not-probed,,
thecornishcompany.com,BUTTONS BOT,menu-only-no-freetext,Gorgias,
thecornishfishmonger.co.uk,NO BOT,no-chat-widget,,
thecreamstore.com,NO BOT,not-probed,,
thediamondstore.co.uk,TEXT BOT,ai-lookup-login-gated,Gorgias,"Hello, I’m sorry you’re having trouble tracking your order. Please log in so we can check your latest order status, or send your order number, the email used for the order, and your shipping address here. Verify order details"
theenglishsoapcompany.com,NO BOT,not-probed,,
thefabledthread.com,NO BOT,blocked-not-probed,,
thefishsociety.co.uk,BUTTONS BOT,menu-only-no-freetext,Gorgias,
thefoldline.com,BUTTONS BOT,menu-only-no-freetext,,
thefragranceworld.co.uk,NO BOT,not-probed,,
thegarlicfarm.co.uk,NO BOT,no-chat-widget,,
thegilpin.co.uk,NO BOT,not-probed,,
theglenturret.com,NO BOT,blocked-not-probed,,
thegoodloaf.co.uk,NO BOT,not-probed,,
thegoodprep.com,NO BOT,no-chat-widget,,
thegreatfroglondon.com,NO BOT,no-chat-widget,,
thehawksmoor.com,NO BOT,not-probed,,
thehireman.co.uk,NO BOT,not-probed,,
thehomeofinteriors.co.uk,NO BOT,not-probed,,
theioutlet.com,NO BOT,not-probed,,
theirperfectgift.co.uk,NO BOT,not-probed,,
thejapaneseshop.co.uk,NO BOT,no-chat-widget,,
thekidcollective.co.uk,TEXT BOT,canned-wait-time,Gorgias,We will get back to you in about 6 minutes
thelimitededition.co.uk,NO BOT,not-probed,,
thelondongeneralpractice.com,NO BOT,not-probed,,
thenunheadgardener.com,NO BOT,not-probed,,
theoffsideline.com,NO BOT,not-probed,,
theorganicpharmacy.com,BUTTONS BOT,menu-only-no-freetext,Intercom,
theoutdoorguide.co.uk,NO BOT,not-probed,,
theoutdoorscompany.co.uk,NO BOT,not-probed,,
thepihut.com,NO BOT,no-chat-widget,,
thepresenttree.com,NO BOT,no-chat-widget,,
theraggedpriest.com,NO BOT,no-chat-widget,Gorgias,
therockfish.co.uk,NO BOT,no-chat-widget,,
thescratchdoctor.co.uk,NO BOT,not-probed,,
theseepcompany.com,BUTTONS BOT,menu-only-no-freetext,Gorgias,
thesewingstudio.co.uk,NO BOT,no-chat-widget,Gorgias,
thesmokeycarter.com,NO BOT,no-chat-widget,Crisp,
thesportsedit.com,NO BOT,no-chat-widget,,
thestraptailor.com,NO BOT,no-chat-widget,Gorgias,
thetraditionalco.co.uk,NO BOT,not-probed,,
theturmeric.co,NO BOT,no-chat-widget,Gorgias,
theunderdays.com,NO BOT,blocked-not-probed,,
thewhiskybarrel.com,NO BOT,blocked-not-probed,,
thewrightbrothers.co.uk,BUTTONS BOT,menu-only-no-freetext,Gorgias,
thisisunfolded.com,TEXT BOT,ai-no-lookup-escalates,Gorgias,"Hi, thanks for getting in touch. We understand you want an update on your order, and our team is happy to look at it with you. We have passed your request to our team, and a person will follow up in a few hours. If you would like, you may leave a contact email for follow-up 🙂 Leave us your email * Submit A support agent is joining the chat Feel free to ask more questions — our team members will respond as soon as they join in."
thomaskosmala.com,NO BOT,no-chat-widget,,
thorhammer.com,NO BOT,not-probed,,
threespiritdrinks.com,NO BOT,blocked-not-probed,,
thrift.plus,BUTTONS BOT,menu-only-no-freetext,Intercom,
thrifted.com,NO BOT,no-chat-widget,,
thrudark.com,BUTTONS BOT,menu-only-no-freetext,Gorgias,
tierzerogames.com,NO BOT,no-chat-widget,,
tiga.org,NO BOT,not-probed,,
tilesuk.com,BUTTONS BOT,menu-only-no-freetext,,
time4sleep.co.uk,NO BOT,blocked-not-probed,,
tiptree.com,NO BOT,no-chat-widget,,
tmlewin.co.uk,BUTTONS BOT,menu-only-no-freetext,Gorgias,
tnmcoaching.com,NO BOT,not-probed,,
togknives.com,TEXT BOT,ai-lookup-login-gated,Gorgias,"Hello. I’m sorry, but we could not access your order details yet. Please log in so we can check your order status and tracking for you. Verify order details"
tomhixson.co.uk,NO BOT,no-chat-widget,LiveChat,
tomstrunks.com,NO BOT,no-chat-widget,Gorgias,
topspinpro.com,NO BOT,not-probed,,
torqfitness.co.uk,NO BOT,not-probed,,
totalbathrooms.co.uk,NO BOT,not-probed,,
totalcards.net,NO BOT,no-chat-widget,Intercom,
totaltele.com,NO BOT,not-probed,,
totalwardrobecare.co.uk,NO BOT,no-chat-widget,,
totm.com,TEXT BOT,no-response-human-queue,Help Scout,
tradeaccesspanels.co.uk,NO BOT,not-probed,,
trailblazerbbq.com,NO BOT,not-probed,,
transcon.co.uk,NO BOT,not-probed,,
travel-blue.com,NO BOT,not-probed,,
travellingman.com,NO BOT,no-chat-widget,,
tray.ai,NO BOT,not-probed,,
treatboxuk.com,BUTTONS BOT,menu-only-no-freetext,,
tree2mydoor.com,TEXT BOT,no-response-human-queue,Help Scout,
treesforlife.org.uk,NO BOT,no-chat-widget,,
tregroeswaffles.co.uk,NO BOT,not-probed,,
trendygolf.com,NO BOT,no-chat-widget,,
trevorsorbie.com,NO BOT,not-probed,,
trickers.com,NO BOT,no-chat-widget,Gorgias,
triharder.co.uk,NO BOT,not-probed,,
trimetals.co.uk,NO BOT,not-probed,,
trippin.world,NO BOT,not-probed,,
tropicalglass.co.uk,NO BOT,no-chat-widget,Tidio,
trotters.co.uk,TEXT BOT,deflects-to-article,Zendesk,Was this helpful
trust-technique.com,NO BOT,no-chat-widget,Help Scout,
truthpaste.co.uk,BUTTONS BOT,menu-only-no-freetext,Gorgias,
trysuri.com,BUTTONS BOT,menu-only-no-freetext,Gorgias,
turnbullandasser.co.uk,NO BOT,no-chat-widget,,
turnstyledesigns.com,NO BOT,not-probed,,
tweezerman.co.uk,NO BOT,no-chat-widget,,
uj-ng.com,BUTTONS BOT,menu-only-no-freetext,Tawk.to,
ukbathroomstore.co.uk,BUTTONS BOT,menu-only-no-freetext,Tawk.to,typically reply in a few minutes
ukbodytalk.com,NO BOT,not-probed,,
ukdoorsonline.co.uk,NO BOT,no-chat-widget,,
ukhomeinteriors.co.uk,NO BOT,not-probed,,
uklash.com,TEXT BOT,ai-lookup-login-gated,Gorgias,"Hi, I’m Grace, UKLASH’s AI support assistant, and I’m here to help. To check where your order is, please log in so we can view your order details securely. Verify order details"
ukpoolstore.co.uk,NO BOT,no-chat-widget,,
ukradiators.com,TEXT BOT,asks-for-order-details,Zendesk,How can I help you today? You say: Sent · Just now Lets get you an update on your order! 😊 Please provide your order number.
ukrunchat.co.uk,NO BOT,not-probed,,
uktherapyguide.com,NO BOT,no-chat-widget,,
unfabled.co,NO BOT,no-chat-widget,,
uniformstandard.com,NO BOT,no-chat-widget,Tidio,
unionroasted.com,NO BOT,no-chat-widget,,
upandrunning.co.uk,NO BOT,no-chat-widget,,
upcirclebeauty.com,BUTTONS BOT,menu-only-no-freetext,,
urbanebikes.com,NO BOT,no-chat-widget,,
urbanindustry.co.uk,NO BOT,no-chat-widget,Tawk.to,
urbanwellnesscounseling.com,NO BOT,not-probed,,
urmet.co.uk,NO BOT,not-probed,,
usecadence.com,NO BOT,no-chat-widget,Richpanel,
v12footwear.com,BUTTONS BOT,menu-only-no-freetext,,
valentte.com,NO BOT,no-chat-widget,,
vapable.com,NO BOT,not-probed,,
vape.co.uk,NO BOT,not-probed,,
veals.co.uk,NO BOT,not-probed,,
vehicle-accessories.net,NO BOT,not-probed,,
veloforte.com,NO BOT,no-chat-widget,,
vemacity.com,NO BOT,no-chat-widget,,
venicci.co.uk,NO BOT,not-probed,,
venturephotography.com,NO BOT,not-probed,,
verm-x.com,NO BOT,no-chat-widget,,
versaclimber.com,NO BOT,not-probed,,
vesternet.com,TEXT BOT,ai-lookup-login-gated,Gorgias,"Hi, I know you want an update on your order. Please log in so we can check it for you right away 🙂 Verify order details"
vetlabsupplies.co.uk,NO BOT,not-probed,,
vibeaudio.co.uk,NO BOT,no-chat-widget,,
victoriabeckham.com,NO BOT,no-chat-widget,,
victory.digital,NO BOT,no-chat-widget,,
viddyoze.com,NO BOT,not-probed,,
vie-aesthetics.com,NO BOT,not-probed,,
vintage-threads.com,NO BOT,no-chat-widget,,
vintageroots.co.uk,NO BOT,no-chat-widget,,
virginiahayward.com,NO BOT,not-probed,,
viridian-nutrition.com,NO BOT,no-chat-widget,,
visitderry.com,NO BOT,not-probed,,
vispring.com,NO BOT,not-probed,,
vivaskinclinics.com,BUTTONS BOT,menu-only-no-freetext,,
vividinktattoos.co.uk,NO BOT,not-probed,,
vixenandblush.com,NO BOT,not-probed,,
volcanocoffeeworks.com,TEXT BOT,ai-lookup-login-gated,Gorgias,"Hi, I’m sorry, but we cannot see your order details just yet because you are not logged in. Please log in so we can check your order status and tracking for you. Verify order details"
vollebak.com,NO BOT,no-chat-widget,,
volunteeredinburgh.org.uk,NO BOT,not-probed,,
vyrao.com,NO BOT,no-chat-widget,Re:amaze,
wahl.co.uk,NO BOT,not-probed,,
wakuda.co.uk,NO BOT,not-probed,,
wallpapermural.com,NO BOT,no-chat-widget,,
waltonsandcompany.com,NO BOT,not-probed,,
walx.co.uk,NO BOT,not-probed,,
warrioraddict.com,NO BOT,blocked-not-probed,,
watchesworld.com,NO BOT,not-probed,,
watchhouse.com,NO BOT,no-chat-widget,,
water-systems.co.uk,NO BOT,not-probed,,
waterguard.co.uk,NO BOT,not-probed,,
waternation.co.uk,NO BOT,not-probed,,
wattbike.com,NO BOT,no-chat-widget,Gorgias,
waveproject.co.uk,NO BOT,not-probed,,
waxlondon.com,TEXT BOT,ai-lookup-login-gated,Gorgias,"Hi, I’m sorry, but I can’t see your order details yet. Please log in so we can check your latest order status and tracking for you 🙂 Verify order details"
wearedame.co,NO BOT,no-chat-widget,Tidio,
wearejude.com,NO BOT,not-probed,,
wearesassyscents.com,BUTTONS BOT,menu-only-no-freetext,,
wearesync.co.uk,NO BOT,no-chat-widget,,
wearethecurators.com,TEXT BOT,ai-lookup-login-gated,Gorgias,"Hi! I’m sorry, but I can’t view your order just yet because you’re not logged in. Please log in so we can check the status and tracking for you 👍 Verify order details"
wearewild.com,NO BOT,not-probed,,
wellerhire.co.uk,NO BOT,not-probed,,
wellgard.co.uk,NO BOT,no-chat-widget,,
wellreadcompany.com,NO BOT,no-chat-widget,,
welshjudo.com,NO BOT,not-probed,,
welzo.com,NO BOT,no-chat-widget,,
wessex-tubas.com,TEXT BOT,no-response-human-queue,Tawk.to,
wested.com,BUTTONS BOT,menu-only-no-freetext,Tawk.to,
westernfuel.co.uk,NO BOT,not-probed,,
westerntowing.co.uk,NO BOT,no-chat-widget,,
westlandsuk.co.uk,NO BOT,no-chat-widget,,
whatkatiedid.com,NO BOT,blocked-not-probed,,
whatshotblog.com,NO BOT,no-chat-widget,,
wheelbase.co.uk,NO BOT,not-probed,,
whiskytastingcompany.com,NO BOT,blocked-not-probed,,
whistlefish.com,NO BOT,no-chat-widget,,
whitbymorrison.com,NO BOT,not-probed,,
whittlebury.com,NO BOT,not-probed,,
wigmoresports.co.uk,NO BOT,no-chat-widget,,
wild-dose.com,NO BOT,no-chat-widget,Richpanel,
wildnutrition.com,BUTTONS BOT,menu-only-no-freetext,Gorgias,
williamgee.co.uk,NO BOT,no-chat-widget,,
willowandpearl.co.uk,NO BOT,not-probed,,
willowandstone.co.uk,NO BOT,no-chat-widget,,
willwriters.com,NO BOT,no-chat-widget,,
wilsonwilsonandhancock.co.uk,NO BOT,not-probed,,
windsor-telecom.co.uk,NO BOT,not-probed,,
wineware.co.uk,NO BOT,no-chat-widget,,
winningmoves.co.uk,NO BOT,no-chat-widget,,
withnothingunderneath.com,NO BOT,no-chat-widget,,
wolfescapegames.com,NO BOT,no-chat-widget,,
wolflaundry.co.uk,NO BOT,not-probed,,
womensaid.org.uk,NO BOT,not-probed,,
womersleyfoods.com,NO BOT,no-chat-widget,,
woodenspoon.org.uk,NO BOT,not-probed,,
woodflooringkent.com,NO BOT,not-probed,,
woodwinters.com,NO BOT,not-probed,,
woolandthegang.com,NO BOT,not-probed,,
woowoo.fun,NO BOT,blocked-not-probed,,
wpengine.com,NO BOT,no-chat-widget,,
writershq.co.uk,NO BOT,not-probed,,
wtgf.org,NO BOT,not-probed,,
wuka.co.uk,BUTTONS BOT,menu-only-no-freetext,,
wypeuk.com,NO BOT,no-chat-widget,,
wyspinners.com,NO BOT,no-chat-widget,,
xmiles.co.uk,BUTTONS BOT,menu-only-no-freetext,Gorgias,
years.com,TEXT BOT,deflects-to-article,Gorgias,Here is an article
yescolours.com,NO BOT,no-chat-widget,,
yesyesyes.org,BUTTONS BOT,menu-only-no-freetext,Gorgias,
yogamatters.com,TEXT BOT,no-response-human-queue,Freshchat,
yokolondon.com,NO BOT,no-chat-widget,,
yorkcityfootballclub.co.uk,NO BOT,no-chat-widget,,
yorkshirefoodguide.co.uk,NO BOT,not-probed,,
yorkshireheart.com,NO BOT,no-chat-widget,,
yorkshiresoap.co.uk,NO BOT,not-probed,,
yorktest.com,NO BOT,not-probed,,
yourdesign.co.uk,NO BOT,not-probed,,
yourlocallink.co.uk,NO BOT,not-probed,,
youswim.com,NO BOT,blocked-not-probed,,
yuzefi.com,NO BOT,no-chat-widget,,
zeeelle.com,NO BOT,no-chat-widget,Gorgias,
zenhealthcare.co.uk,NO BOT,no-chat-widget,,
zone3.com,BUTTONS BOT,menu-only-no-freetext,Gorgias,
zooki.com,NO BOT,no-chat-widget,,